ISO-10303-21;
HEADER;
/* Generated by software containing ST-Developer
 * from STEP Tools, Inc. (www.steptools.com) 
 */

FILE_DESCRIPTION(
/* description */ (''),
/* implementation_level */ '2;1');

FILE_NAME(
/* name */ 'outerrim redesigned.step',
/* time_stamp */ '2026-10-01T16:13:59+02:00',
/* author */ (''),
/* organization */ (''),
/* preprocessor_version */ 'ST-DEVELOPER v20.2',
/* originating_system */ 'Autodesk Translation Framework v15.15.0.0',
/* authorisation */ '');

FILE_SCHEMA (('AUTOMOTIVE_DESIGN { 1 0 10303 214 3 1 1 }'));
ENDSEC;

DATA;
#10=MECHANICAL_DESIGN_GEOMETRIC_PRESENTATION_REPRESENTATION('',(#14,#15,
#16,#17,#18,#19,#20,#21,#22,#23,#24,#25,#26,#27),#2398);
#11=SHAPE_REPRESENTATION_RELATIONSHIP('SRR','None',#2405,#12);
#12=ADVANCED_BREP_SHAPE_REPRESENTATION('',(#28,#29,#30,#31,#32,#33,#34,
#35,#36,#37,#38,#39,#40,#41),#2397);
#13=CONICAL_SURFACE('',#1440,42.4748743301994,0.785398163397448);
#14=STYLED_ITEM('',(#2414),#28);
#15=STYLED_ITEM('',(#2414),#29);
#16=STYLED_ITEM('',(#2414),#30);
#17=STYLED_ITEM('',(#2414),#31);
#18=STYLED_ITEM('',(#2414),#32);
#19=STYLED_ITEM('',(#2414),#33);
#20=STYLED_ITEM('',(#2414),#34);
#21=STYLED_ITEM('',(#2414),#35);
#22=STYLED_ITEM('',(#2414),#36);
#23=STYLED_ITEM('',(#2414),#37);
#24=STYLED_ITEM('',(#2414),#38);
#25=STYLED_ITEM('',(#2414),#39);
#26=STYLED_ITEM('',(#2414),#40);
#27=STYLED_ITEM('',(#2414),#41);
#28=MANIFOLD_SOLID_BREP('Body1',#1381);
#29=MANIFOLD_SOLID_BREP('Body2',#1382);
#30=MANIFOLD_SOLID_BREP('Body3',#1383);
#31=MANIFOLD_SOLID_BREP('Body4',#1384);
#32=MANIFOLD_SOLID_BREP('Body5',#1385);
#33=MANIFOLD_SOLID_BREP('Body6',#1386);
#34=MANIFOLD_SOLID_BREP('Body7',#1387);
#35=MANIFOLD_SOLID_BREP('Body8',#1388);
#36=MANIFOLD_SOLID_BREP('Body9',#1389);
#37=MANIFOLD_SOLID_BREP('Body10',#1390);
#38=MANIFOLD_SOLID_BREP('Body11',#1391);
#39=MANIFOLD_SOLID_BREP('Body12',#1392);
#40=MANIFOLD_SOLID_BREP('Body13',#1393);
#41=MANIFOLD_SOLID_BREP('Body14',#1394);
#42=FACE_BOUND('',#205,.T.);
#43=FACE_BOUND('',#208,.T.);
#44=FACE_BOUND('',#209,.T.);
#45=FACE_BOUND('',#210,.T.);
#46=FACE_BOUND('',#211,.T.);
#47=FACE_BOUND('',#212,.T.);
#48=FACE_BOUND('',#213,.T.);
#49=FACE_BOUND('',#215,.T.);
#50=FACE_BOUND('',#216,.T.);
#51=FACE_BOUND('',#217,.T.);
#52=FACE_BOUND('',#218,.T.);
#53=FACE_BOUND('',#219,.T.);
#54=FACE_BOUND('',#220,.T.);
#55=FACE_BOUND('',#227,.T.);
#56=FACE_BOUND('',#233,.T.);
#57=FACE_BOUND('',#235,.T.);
#58=PLANE('',#1414);
#59=PLANE('',#1418);
#60=PLANE('',#1424);
#61=PLANE('',#1435);
#62=PLANE('',#1448);
#63=PLANE('',#1449);
#64=PLANE('',#1453);
#65=PLANE('',#1457);
#66=PLANE('',#1458);
#67=PLANE('',#1459);
#68=PLANE('',#1463);
#69=PLANE('',#1467);
#70=PLANE('',#1468);
#71=PLANE('',#1469);
#72=PLANE('',#1473);
#73=PLANE('',#1477);
#74=PLANE('',#1478);
#75=PLANE('',#1479);
#76=PLANE('',#1483);
#77=PLANE('',#1487);
#78=PLANE('',#1488);
#79=PLANE('',#1489);
#80=PLANE('',#1493);
#81=PLANE('',#1497);
#82=PLANE('',#1498);
#83=PLANE('',#1499);
#84=PLANE('',#1503);
#85=PLANE('',#1507);
#86=PLANE('',#1508);
#87=PLANE('',#1509);
#88=PLANE('',#1513);
#89=PLANE('',#1517);
#90=PLANE('',#1518);
#91=PLANE('',#1519);
#92=PLANE('',#1523);
#93=PLANE('',#1527);
#94=PLANE('',#1528);
#95=PLANE('',#1529);
#96=PLANE('',#1533);
#97=PLANE('',#1537);
#98=PLANE('',#1538);
#99=PLANE('',#1539);
#100=PLANE('',#1543);
#101=PLANE('',#1547);
#102=PLANE('',#1548);
#103=PLANE('',#1549);
#104=PLANE('',#1553);
#105=PLANE('',#1557);
#106=PLANE('',#1558);
#107=PLANE('',#1559);
#108=PLANE('',#1563);
#109=PLANE('',#1567);
#110=PLANE('',#1568);
#111=PLANE('',#1569);
#112=FACE_OUTER_BOUND('',#202,.T.);
#113=FACE_OUTER_BOUND('',#203,.T.);
#114=FACE_OUTER_BOUND('',#204,.T.);
#115=FACE_OUTER_BOUND('',#206,.T.);
#116=FACE_OUTER_BOUND('',#207,.T.);
#117=FACE_OUTER_BOUND('',#214,.T.);
#118=FACE_OUTER_BOUND('',#221,.T.);
#119=FACE_OUTER_BOUND('',#222,.T.);
#120=FACE_OUTER_BOUND('',#223,.T.);
#121=FACE_OUTER_BOUND('',#224,.T.);
#122=FACE_OUTER_BOUND('',#225,.T.);
#123=FACE_OUTER_BOUND('',#226,.T.);
#124=FACE_OUTER_BOUND('',#228,.T.);
#125=FACE_OUTER_BOUND('',#229,.T.);
#126=FACE_OUTER_BOUND('',#230,.T.);
#127=FACE_OUTER_BOUND('',#231,.T.);
#128=FACE_OUTER_BOUND('',#232,.T.);
#129=FACE_OUTER_BOUND('',#234,.T.);
#130=FACE_OUTER_BOUND('',#236,.T.);
#131=FACE_OUTER_BOUND('',#237,.T.);
#132=FACE_OUTER_BOUND('',#238,.T.);
#133=FACE_OUTER_BOUND('',#239,.T.);
#134=FACE_OUTER_BOUND('',#240,.T.);
#135=FACE_OUTER_BOUND('',#241,.T.);
#136=FACE_OUTER_BOUND('',#242,.T.);
#137=FACE_OUTER_BOUND('',#243,.T.);
#138=FACE_OUTER_BOUND('',#244,.T.);
#139=FACE_OUTER_BOUND('',#245,.T.);
#140=FACE_OUTER_BOUND('',#246,.T.);
#141=FACE_OUTER_BOUND('',#247,.T.);
#142=FACE_OUTER_BOUND('',#248,.T.);
#143=FACE_OUTER_BOUND('',#249,.T.);
#144=FACE_OUTER_BOUND('',#250,.T.);
#145=FACE_OUTER_BOUND('',#251,.T.);
#146=FACE_OUTER_BOUND('',#252,.T.);
#147=FACE_OUTER_BOUND('',#253,.T.);
#148=FACE_OUTER_BOUND('',#254,.T.);
#149=FACE_OUTER_BOUND('',#255,.T.);
#150=FACE_OUTER_BOUND('',#256,.T.);
#151=FACE_OUTER_BOUND('',#257,.T.);
#152=FACE_OUTER_BOUND('',#258,.T.);
#153=FACE_OUTER_BOUND('',#259,.T.);
#154=FACE_OUTER_BOUND('',#260,.T.);
#155=FACE_OUTER_BOUND('',#261,.T.);
#156=FACE_OUTER_BOUND('',#262,.T.);
#157=FACE_OUTER_BOUND('',#263,.T.);
#158=FACE_OUTER_BOUND('',#264,.T.);
#159=FACE_OUTER_BOUND('',#265,.T.);
#160=FACE_OUTER_BOUND('',#266,.T.);
#161=FACE_OUTER_BOUND('',#267,.T.);
#162=FACE_OUTER_BOUND('',#268,.T.);
#163=FACE_OUTER_BOUND('',#269,.T.);
#164=FACE_OUTER_BOUND('',#270,.T.);
#165=FACE_OUTER_BOUND('',#271,.T.);
#166=FACE_OUTER_BOUND('',#272,.T.);
#167=FACE_OUTER_BOUND('',#273,.T.);
#168=FACE_OUTER_BOUND('',#274,.T.);
#169=FACE_OUTER_BOUND('',#275,.T.);
#170=FACE_OUTER_BOUND('',#276,.T.);
#171=FACE_OUTER_BOUND('',#277,.T.);
#172=FACE_OUTER_BOUND('',#278,.T.);
#173=FACE_OUTER_BOUND('',#279,.T.);
#174=FACE_OUTER_BOUND('',#280,.T.);
#175=FACE_OUTER_BOUND('',#281,.T.);
#176=FACE_OUTER_BOUND('',#282,.T.);
#177=FACE_OUTER_BOUND('',#283,.T.);
#178=FACE_OUTER_BOUND('',#284,.T.);
#179=FACE_OUTER_BOUND('',#285,.T.);
#180=FACE_OUTER_BOUND('',#286,.T.);
#181=FACE_OUTER_BOUND('',#287,.T.);
#182=FACE_OUTER_BOUND('',#288,.T.);
#183=FACE_OUTER_BOUND('',#289,.T.);
#184=FACE_OUTER_BOUND('',#290,.T.);
#185=FACE_OUTER_BOUND('',#291,.T.);
#186=FACE_OUTER_BOUND('',#292,.T.);
#187=FACE_OUTER_BOUND('',#293,.T.);
#188=FACE_OUTER_BOUND('',#294,.T.);
#189=FACE_OUTER_BOUND('',#295,.T.);
#190=FACE_OUTER_BOUND('',#296,.T.);
#191=FACE_OUTER_BOUND('',#297,.T.);
#192=FACE_OUTER_BOUND('',#298,.T.);
#193=FACE_OUTER_BOUND('',#299,.T.);
#194=FACE_OUTER_BOUND('',#300,.T.);
#195=FACE_OUTER_BOUND('',#301,.T.);
#196=FACE_OUTER_BOUND('',#302,.T.);
#197=FACE_OUTER_BOUND('',#303,.T.);
#198=FACE_OUTER_BOUND('',#304,.T.);
#199=FACE_OUTER_BOUND('',#305,.T.);
#200=FACE_OUTER_BOUND('',#306,.T.);
#201=FACE_OUTER_BOUND('',#307,.T.);
#202=EDGE_LOOP('',(#896,#897,#898,#899));
#203=EDGE_LOOP('',(#900,#901,#902,#903));
#204=EDGE_LOOP('',(#904));
#205=EDGE_LOOP('',(#905));
#206=EDGE_LOOP('',(#906,#907,#908,#909));
#207=EDGE_LOOP('',(#910));
#208=EDGE_LOOP('',(#911));
#209=EDGE_LOOP('',(#912));
#210=EDGE_LOOP('',(#913));
#211=EDGE_LOOP('',(#914));
#212=EDGE_LOOP('',(#915));
#213=EDGE_LOOP('',(#916));
#214=EDGE_LOOP('',(#917));
#215=EDGE_LOOP('',(#918));
#216=EDGE_LOOP('',(#919));
#217=EDGE_LOOP('',(#920));
#218=EDGE_LOOP('',(#921));
#219=EDGE_LOOP('',(#922));
#220=EDGE_LOOP('',(#923));
#221=EDGE_LOOP('',(#924,#925,#926,#927));
#222=EDGE_LOOP('',(#928,#929,#930,#931));
#223=EDGE_LOOP('',(#932,#933,#934,#935));
#224=EDGE_LOOP('',(#936,#937,#938,#939));
#225=EDGE_LOOP('',(#940,#941,#942,#943));
#226=EDGE_LOOP('',(#944));
#227=EDGE_LOOP('',(#945));
#228=EDGE_LOOP('',(#946,#947,#948,#949));
#229=EDGE_LOOP('',(#950,#951,#952,#953,#954));
#230=EDGE_LOOP('',(#955,#956,#957,#958));
#231=EDGE_LOOP('',(#959,#960,#961,#962,#963));
#232=EDGE_LOOP('',(#964));
#233=EDGE_LOOP('',(#965));
#234=EDGE_LOOP('',(#966));
#235=EDGE_LOOP('',(#967));
#236=EDGE_LOOP('',(#968,#969,#970,#971));
#237=EDGE_LOOP('',(#972,#973,#974,#975));
#238=EDGE_LOOP('',(#976,#977,#978,#979));
#239=EDGE_LOOP('',(#980,#981,#982,#983));
#240=EDGE_LOOP('',(#984,#985,#986,#987));
#241=EDGE_LOOP('',(#988,#989,#990,#991));
#242=EDGE_LOOP('',(#992,#993,#994,#995));
#243=EDGE_LOOP('',(#996,#997,#998,#999));
#244=EDGE_LOOP('',(#1000,#1001,#1002,#1003));
#245=EDGE_LOOP('',(#1004,#1005,#1006,#1007));
#246=EDGE_LOOP('',(#1008,#1009,#1010,#1011));
#247=EDGE_LOOP('',(#1012,#1013,#1014,#1015));
#248=EDGE_LOOP('',(#1016,#1017,#1018,#1019));
#249=EDGE_LOOP('',(#1020,#1021,#1022,#1023));
#250=EDGE_LOOP('',(#1024,#1025,#1026,#1027));
#251=EDGE_LOOP('',(#1028,#1029,#1030,#1031));
#252=EDGE_LOOP('',(#1032,#1033,#1034,#1035));
#253=EDGE_LOOP('',(#1036,#1037,#1038,#1039));
#254=EDGE_LOOP('',(#1040,#1041,#1042,#1043));
#255=EDGE_LOOP('',(#1044,#1045,#1046,#1047));
#256=EDGE_LOOP('',(#1048,#1049,#1050,#1051));
#257=EDGE_LOOP('',(#1052,#1053,#1054,#1055));
#258=EDGE_LOOP('',(#1056,#1057,#1058,#1059));
#259=EDGE_LOOP('',(#1060,#1061,#1062,#1063));
#260=EDGE_LOOP('',(#1064,#1065,#1066,#1067));
#261=EDGE_LOOP('',(#1068,#1069,#1070,#1071));
#262=EDGE_LOOP('',(#1072,#1073,#1074,#1075));
#263=EDGE_LOOP('',(#1076,#1077,#1078,#1079));
#264=EDGE_LOOP('',(#1080,#1081,#1082,#1083));
#265=EDGE_LOOP('',(#1084,#1085,#1086,#1087));
#266=EDGE_LOOP('',(#1088,#1089,#1090,#1091));
#267=EDGE_LOOP('',(#1092,#1093,#1094,#1095));
#268=EDGE_LOOP('',(#1096,#1097,#1098,#1099));
#269=EDGE_LOOP('',(#1100,#1101,#1102,#1103));
#270=EDGE_LOOP('',(#1104,#1105,#1106,#1107));
#271=EDGE_LOOP('',(#1108,#1109,#1110,#1111));
#272=EDGE_LOOP('',(#1112,#1113,#1114,#1115));
#273=EDGE_LOOP('',(#1116,#1117,#1118,#1119));
#274=EDGE_LOOP('',(#1120,#1121,#1122,#1123));
#275=EDGE_LOOP('',(#1124,#1125,#1126,#1127));
#276=EDGE_LOOP('',(#1128,#1129,#1130,#1131));
#277=EDGE_LOOP('',(#1132,#1133,#1134,#1135));
#278=EDGE_LOOP('',(#1136,#1137,#1138,#1139));
#279=EDGE_LOOP('',(#1140,#1141,#1142,#1143));
#280=EDGE_LOOP('',(#1144,#1145,#1146,#1147));
#281=EDGE_LOOP('',(#1148,#1149,#1150,#1151));
#282=EDGE_LOOP('',(#1152,#1153,#1154,#1155));
#283=EDGE_LOOP('',(#1156,#1157,#1158,#1159));
#284=EDGE_LOOP('',(#1160,#1161,#1162,#1163));
#285=EDGE_LOOP('',(#1164,#1165,#1166,#1167));
#286=EDGE_LOOP('',(#1168,#1169,#1170,#1171));
#287=EDGE_LOOP('',(#1172,#1173,#1174,#1175));
#288=EDGE_LOOP('',(#1176,#1177,#1178,#1179));
#289=EDGE_LOOP('',(#1180,#1181,#1182,#1183));
#290=EDGE_LOOP('',(#1184,#1185,#1186,#1187));
#291=EDGE_LOOP('',(#1188,#1189,#1190,#1191));
#292=EDGE_LOOP('',(#1192,#1193,#1194,#1195));
#293=EDGE_LOOP('',(#1196,#1197,#1198,#1199));
#294=EDGE_LOOP('',(#1200,#1201,#1202,#1203));
#295=EDGE_LOOP('',(#1204,#1205,#1206,#1207));
#296=EDGE_LOOP('',(#1208,#1209,#1210,#1211));
#297=EDGE_LOOP('',(#1212,#1213,#1214,#1215));
#298=EDGE_LOOP('',(#1216,#1217,#1218,#1219));
#299=EDGE_LOOP('',(#1220,#1221,#1222,#1223));
#300=EDGE_LOOP('',(#1224,#1225,#1226,#1227));
#301=EDGE_LOOP('',(#1228,#1229,#1230,#1231));
#302=EDGE_LOOP('',(#1232,#1233,#1234,#1235));
#303=EDGE_LOOP('',(#1236,#1237,#1238,#1239));
#304=EDGE_LOOP('',(#1240,#1241,#1242,#1243));
#305=EDGE_LOOP('',(#1244,#1245,#1246,#1247));
#306=EDGE_LOOP('',(#1248,#1249,#1250,#1251));
#307=EDGE_LOOP('',(#1252,#1253,#1254,#1255));
#308=LINE('',#2009,#416);
#309=LINE('',#2015,#417);
#310=LINE('',#2022,#418);
#311=LINE('',#2047,#419);
#312=LINE('',#2049,#420);
#313=LINE('',#2051,#421);
#314=LINE('',#2053,#422);
#315=LINE('',#2055,#423);
#316=LINE('',#2064,#424);
#317=LINE('',#2067,#425);
#318=LINE('',#2075,#426);
#319=LINE('',#2080,#427);
#320=LINE('',#2088,#428);
#321=LINE('',#2091,#429);
#322=LINE('',#2094,#430);
#323=LINE('',#2096,#431);
#324=LINE('',#2097,#432);
#325=LINE('',#2103,#433);
#326=LINE('',#2105,#434);
#327=LINE('',#2106,#435);
#328=LINE('',#2114,#436);
#329=LINE('',#2117,#437);
#330=LINE('',#2120,#438);
#331=LINE('',#2122,#439);
#332=LINE('',#2123,#440);
#333=LINE('',#2129,#441);
#334=LINE('',#2131,#442);
#335=LINE('',#2132,#443);
#336=LINE('',#2140,#444);
#337=LINE('',#2143,#445);
#338=LINE('',#2146,#446);
#339=LINE('',#2148,#447);
#340=LINE('',#2149,#448);
#341=LINE('',#2155,#449);
#342=LINE('',#2157,#450);
#343=LINE('',#2158,#451);
#344=LINE('',#2166,#452);
#345=LINE('',#2169,#453);
#346=LINE('',#2172,#454);
#347=LINE('',#2174,#455);
#348=LINE('',#2175,#456);
#349=LINE('',#2181,#457);
#350=LINE('',#2183,#458);
#351=LINE('',#2184,#459);
#352=LINE('',#2192,#460);
#353=LINE('',#2195,#461);
#354=LINE('',#2198,#462);
#355=LINE('',#2200,#463);
#356=LINE('',#2201,#464);
#357=LINE('',#2207,#465);
#358=LINE('',#2209,#466);
#359=LINE('',#2210,#467);
#360=LINE('',#2218,#468);
#361=LINE('',#2221,#469);
#362=LINE('',#2224,#470);
#363=LINE('',#2226,#471);
#364=LINE('',#2227,#472);
#365=LINE('',#2233,#473);
#366=LINE('',#2235,#474);
#367=LINE('',#2236,#475);
#368=LINE('',#2244,#476);
#369=LINE('',#2247,#477);
#370=LINE('',#2250,#478);
#371=LINE('',#2252,#479);
#372=LINE('',#2253,#480);
#373=LINE('',#2259,#481);
#374=LINE('',#2261,#482);
#375=LINE('',#2262,#483);
#376=LINE('',#2270,#484);
#377=LINE('',#2273,#485);
#378=LINE('',#2276,#486);
#379=LINE('',#2278,#487);
#380=LINE('',#2279,#488);
#381=LINE('',#2285,#489);
#382=LINE('',#2287,#490);
#383=LINE('',#2288,#491);
#384=LINE('',#2296,#492);
#385=LINE('',#2299,#493);
#386=LINE('',#2302,#494);
#387=LINE('',#2304,#495);
#388=LINE('',#2305,#496);
#389=LINE('',#2311,#497);
#390=LINE('',#2313,#498);
#391=LINE('',#2314,#499);
#392=LINE('',#2322,#500);
#393=LINE('',#2325,#501);
#394=LINE('',#2328,#502);
#395=LINE('',#2330,#503);
#396=LINE('',#2331,#504);
#397=LINE('',#2337,#505);
#398=LINE('',#2339,#506);
#399=LINE('',#2340,#507);
#400=LINE('',#2348,#508);
#401=LINE('',#2351,#509);
#402=LINE('',#2354,#510);
#403=LINE('',#2356,#511);
#404=LINE('',#2357,#512);
#405=LINE('',#2363,#513);
#406=LINE('',#2365,#514);
#407=LINE('',#2366,#515);
#408=LINE('',#2374,#516);
#409=LINE('',#2377,#517);
#410=LINE('',#2380,#518);
#411=LINE('',#2382,#519);
#412=LINE('',#2383,#520);
#413=LINE('',#2389,#521);
#414=LINE('',#2391,#522);
#415=LINE('',#2392,#523);
#416=VECTOR('',#1576,16.3);
#417=VECTOR('',#1583,18.0000002682209);
#418=VECTOR('',#1592,2.125);
#419=VECTOR('',#1621,2.125);
#420=VECTOR('',#1624,2.125);
#421=VECTOR('',#1627,2.125);
#422=VECTOR('',#1630,2.125);
#423=VECTOR('',#1633,2.125);
#424=VECTOR('',#1644,47.5000007078052);
#425=VECTOR('',#1647,42.4748743301994);
#426=VECTOR('',#1656,39.0000005811453);
#427=VECTOR('',#1663,40.);
#428=VECTOR('',#1672,10.);
#429=VECTOR('',#1675,10.);
#430=VECTOR('',#1678,10.);
#431=VECTOR('',#1679,10.);
#432=VECTOR('',#1680,10.);
#433=VECTOR('',#1687,10.);
#434=VECTOR('',#1690,10.);
#435=VECTOR('',#1691,10.);
#436=VECTOR('',#1700,10.);
#437=VECTOR('',#1703,10.);
#438=VECTOR('',#1706,10.);
#439=VECTOR('',#1707,10.);
#440=VECTOR('',#1708,10.);
#441=VECTOR('',#1715,10.);
#442=VECTOR('',#1718,10.);
#443=VECTOR('',#1719,10.);
#444=VECTOR('',#1728,10.);
#445=VECTOR('',#1731,10.);
#446=VECTOR('',#1734,10.);
#447=VECTOR('',#1735,10.);
#448=VECTOR('',#1736,10.);
#449=VECTOR('',#1743,10.);
#450=VECTOR('',#1746,10.);
#451=VECTOR('',#1747,10.);
#452=VECTOR('',#1756,10.);
#453=VECTOR('',#1759,10.);
#454=VECTOR('',#1762,10.);
#455=VECTOR('',#1763,10.);
#456=VECTOR('',#1764,10.);
#457=VECTOR('',#1771,10.);
#458=VECTOR('',#1774,10.);
#459=VECTOR('',#1775,10.);
#460=VECTOR('',#1784,10.);
#461=VECTOR('',#1787,10.);
#462=VECTOR('',#1790,10.);
#463=VECTOR('',#1791,10.);
#464=VECTOR('',#1792,10.);
#465=VECTOR('',#1799,10.);
#466=VECTOR('',#1802,10.);
#467=VECTOR('',#1803,10.);
#468=VECTOR('',#1812,10.);
#469=VECTOR('',#1815,10.);
#470=VECTOR('',#1818,10.);
#471=VECTOR('',#1819,10.);
#472=VECTOR('',#1820,10.);
#473=VECTOR('',#1827,10.);
#474=VECTOR('',#1830,10.);
#475=VECTOR('',#1831,10.);
#476=VECTOR('',#1840,10.);
#477=VECTOR('',#1843,10.);
#478=VECTOR('',#1846,10.);
#479=VECTOR('',#1847,10.);
#480=VECTOR('',#1848,10.);
#481=VECTOR('',#1855,10.);
#482=VECTOR('',#1858,10.);
#483=VECTOR('',#1859,10.);
#484=VECTOR('',#1868,10.);
#485=VECTOR('',#1871,10.);
#486=VECTOR('',#1874,10.);
#487=VECTOR('',#1875,10.);
#488=VECTOR('',#1876,10.);
#489=VECTOR('',#1883,10.);
#490=VECTOR('',#1886,10.);
#491=VECTOR('',#1887,10.);
#492=VECTOR('',#1896,10.);
#493=VECTOR('',#1899,10.);
#494=VECTOR('',#1902,10.);
#495=VECTOR('',#1903,10.);
#496=VECTOR('',#1904,10.);
#497=VECTOR('',#1911,10.);
#498=VECTOR('',#1914,10.);
#499=VECTOR('',#1915,10.);
#500=VECTOR('',#1924,10.);
#501=VECTOR('',#1927,10.);
#502=VECTOR('',#1930,10.);
#503=VECTOR('',#1931,10.);
#504=VECTOR('',#1932,10.);
#505=VECTOR('',#1939,10.);
#506=VECTOR('',#1942,10.);
#507=VECTOR('',#1943,10.);
#508=VECTOR('',#1952,10.);
#509=VECTOR('',#1955,10.);
#510=VECTOR('',#1958,10.);
#511=VECTOR('',#1959,10.);
#512=VECTOR('',#1960,10.);
#513=VECTOR('',#1967,10.);
#514=VECTOR('',#1970,10.);
#515=VECTOR('',#1971,10.);
#516=VECTOR('',#1980,10.);
#517=VECTOR('',#1983,10.);
#518=VECTOR('',#1986,10.);
#519=VECTOR('',#1987,10.);
#520=VECTOR('',#1988,10.);
#521=VECTOR('',#1995,10.);
#522=VECTOR('',#1998,10.);
#523=VECTOR('',#1999,10.);
#524=CIRCLE('',#1409,16.3);
#525=CIRCLE('',#1410,16.3);
#526=CIRCLE('',#1412,18.0000002682209);
#527=CIRCLE('',#1413,18.0000002682209);
#528=CIRCLE('',#1416,2.125);
#529=CIRCLE('',#1417,2.125);
#530=CIRCLE('',#1419,2.125);
#531=CIRCLE('',#1420,2.125);
#532=CIRCLE('',#1421,2.125);
#533=CIRCLE('',#1422,2.125);
#534=CIRCLE('',#1423,2.125);
#535=CIRCLE('',#1425,2.125);
#536=CIRCLE('',#1426,2.125);
#537=CIRCLE('',#1427,2.125);
#538=CIRCLE('',#1428,2.125);
#539=CIRCLE('',#1429,2.125);
#540=CIRCLE('',#1436,47.5000007078052);
#541=CIRCLE('',#1437,44.9497480643523);
#542=CIRCLE('',#1439,47.5000007078052);
#543=CIRCLE('',#1441,40.);
#544=CIRCLE('',#1442,40.);
#545=CIRCLE('',#1444,39.0000005811453);
#546=CIRCLE('',#1445,39.0000005811453);
#547=CIRCLE('',#1447,40.);
#548=CIRCLE('',#1451,18.0000002682209);
#549=CIRCLE('',#1452,18.0000002682209);
#550=CIRCLE('',#1455,39.0000005811453);
#551=CIRCLE('',#1456,39.0000005811453);
#552=CIRCLE('',#1461,18.0000002682209);
#553=CIRCLE('',#1462,18.0000002682209);
#554=CIRCLE('',#1465,39.0000005811453);
#555=CIRCLE('',#1466,39.0000005811453);
#556=CIRCLE('',#1471,18.0000002682209);
#557=CIRCLE('',#1472,18.0000002682209);
#558=CIRCLE('',#1475,39.0000005811453);
#559=CIRCLE('',#1476,39.0000005811453);
#560=CIRCLE('',#1481,18.0000002682209);
#561=CIRCLE('',#1482,18.0000002682209);
#562=CIRCLE('',#1485,39.0000005811453);
#563=CIRCLE('',#1486,39.0000005811453);
#564=CIRCLE('',#1491,18.0000002682209);
#565=CIRCLE('',#1492,18.0000002682209);
#566=CIRCLE('',#1495,39.0000005811453);
#567=CIRCLE('',#1496,39.0000005811453);
#568=CIRCLE('',#1501,18.0000002682209);
#569=CIRCLE('',#1502,18.0000002682209);
#570=CIRCLE('',#1505,39.0000005811453);
#571=CIRCLE('',#1506,39.0000005811453);
#572=CIRCLE('',#1511,18.0000002682209);
#573=CIRCLE('',#1512,18.0000002682209);
#574=CIRCLE('',#1515,39.0000005811453);
#575=CIRCLE('',#1516,39.0000005811453);
#576=CIRCLE('',#1521,18.0000002682209);
#577=CIRCLE('',#1522,18.0000002682209);
#578=CIRCLE('',#1525,39.0000005811453);
#579=CIRCLE('',#1526,39.0000005811453);
#580=CIRCLE('',#1531,18.0000002682209);
#581=CIRCLE('',#1532,18.0000002682209);
#582=CIRCLE('',#1535,39.0000005811453);
#583=CIRCLE('',#1536,39.0000005811453);
#584=CIRCLE('',#1541,18.0000002682209);
#585=CIRCLE('',#1542,18.0000002682209);
#586=CIRCLE('',#1545,39.0000005811453);
#587=CIRCLE('',#1546,39.0000005811453);
#588=CIRCLE('',#1551,18.0000002682209);
#589=CIRCLE('',#1552,18.0000002682209);
#590=CIRCLE('',#1555,39.0000005811453);
#591=CIRCLE('',#1556,39.0000005811453);
#592=CIRCLE('',#1561,18.0000002682209);
#593=CIRCLE('',#1562,18.0000002682209);
#594=CIRCLE('',#1565,39.0000005811453);
#595=CIRCLE('',#1566,39.0000005811453);
#596=VERTEX_POINT('',#2006);
#597=VERTEX_POINT('',#2008);
#598=VERTEX_POINT('',#2012);
#599=VERTEX_POINT('',#2014);
#600=VERTEX_POINT('',#2019);
#601=VERTEX_POINT('',#2021);
#602=VERTEX_POINT('',#2025);
#603=VERTEX_POINT('',#2027);
#604=VERTEX_POINT('',#2029);
#605=VERTEX_POINT('',#2031);
#606=VERTEX_POINT('',#2033);
#607=VERTEX_POINT('',#2036);
#608=VERTEX_POINT('',#2038);
#609=VERTEX_POINT('',#2040);
#610=VERTEX_POINT('',#2042);
#611=VERTEX_POINT('',#2044);
#612=VERTEX_POINT('',#2057);
#613=VERTEX_POINT('',#2059);
#614=VERTEX_POINT('',#2062);
#615=VERTEX_POINT('',#2066);
#616=VERTEX_POINT('',#2068);
#617=VERTEX_POINT('',#2072);
#618=VERTEX_POINT('',#2074);
#619=VERTEX_POINT('',#2078);
#620=VERTEX_POINT('',#2084);
#621=VERTEX_POINT('',#2085);
#622=VERTEX_POINT('',#2087);
#623=VERTEX_POINT('',#2089);
#624=VERTEX_POINT('',#2093);
#625=VERTEX_POINT('',#2095);
#626=VERTEX_POINT('',#2099);
#627=VERTEX_POINT('',#2101);
#628=VERTEX_POINT('',#2110);
#629=VERTEX_POINT('',#2111);
#630=VERTEX_POINT('',#2113);
#631=VERTEX_POINT('',#2115);
#632=VERTEX_POINT('',#2119);
#633=VERTEX_POINT('',#2121);
#634=VERTEX_POINT('',#2125);
#635=VERTEX_POINT('',#2127);
#636=VERTEX_POINT('',#2136);
#637=VERTEX_POINT('',#2137);
#638=VERTEX_POINT('',#2139);
#639=VERTEX_POINT('',#2141);
#640=VERTEX_POINT('',#2145);
#641=VERTEX_POINT('',#2147);
#642=VERTEX_POINT('',#2151);
#643=VERTEX_POINT('',#2153);
#644=VERTEX_POINT('',#2162);
#645=VERTEX_POINT('',#2163);
#646=VERTEX_POINT('',#2165);
#647=VERTEX_POINT('',#2167);
#648=VERTEX_POINT('',#2171);
#649=VERTEX_POINT('',#2173);
#650=VERTEX_POINT('',#2177);
#651=VERTEX_POINT('',#2179);
#652=VERTEX_POINT('',#2188);
#653=VERTEX_POINT('',#2189);
#654=VERTEX_POINT('',#2191);
#655=VERTEX_POINT('',#2193);
#656=VERTEX_POINT('',#2197);
#657=VERTEX_POINT('',#2199);
#658=VERTEX_POINT('',#2203);
#659=VERTEX_POINT('',#2205);
#660=VERTEX_POINT('',#2214);
#661=VERTEX_POINT('',#2215);
#662=VERTEX_POINT('',#2217);
#663=VERTEX_POINT('',#2219);
#664=VERTEX_POINT('',#2223);
#665=VERTEX_POINT('',#2225);
#666=VERTEX_POINT('',#2229);
#667=VERTEX_POINT('',#2231);
#668=VERTEX_POINT('',#2240);
#669=VERTEX_POINT('',#2241);
#670=VERTEX_POINT('',#2243);
#671=VERTEX_POINT('',#2245);
#672=VERTEX_POINT('',#2249);
#673=VERTEX_POINT('',#2251);
#674=VERTEX_POINT('',#2255);
#675=VERTEX_POINT('',#2257);
#676=VERTEX_POINT('',#2266);
#677=VERTEX_POINT('',#2267);
#678=VERTEX_POINT('',#2269);
#679=VERTEX_POINT('',#2271);
#680=VERTEX_POINT('',#2275);
#681=VERTEX_POINT('',#2277);
#682=VERTEX_POINT('',#2281);
#683=VERTEX_POINT('',#2283);
#684=VERTEX_POINT('',#2292);
#685=VERTEX_POINT('',#2293);
#686=VERTEX_POINT('',#2295);
#687=VERTEX_POINT('',#2297);
#688=VERTEX_POINT('',#2301);
#689=VERTEX_POINT('',#2303);
#690=VERTEX_POINT('',#2307);
#691=VERTEX_POINT('',#2309);
#692=VERTEX_POINT('',#2318);
#693=VERTEX_POINT('',#2319);
#694=VERTEX_POINT('',#2321);
#695=VERTEX_POINT('',#2323);
#696=VERTEX_POINT('',#2327);
#697=VERTEX_POINT('',#2329);
#698=VERTEX_POINT('',#2333);
#699=VERTEX_POINT('',#2335);
#700=VERTEX_POINT('',#2344);
#701=VERTEX_POINT('',#2345);
#702=VERTEX_POINT('',#2347);
#703=VERTEX_POINT('',#2349);
#704=VERTEX_POINT('',#2353);
#705=VERTEX_POINT('',#2355);
#706=VERTEX_POINT('',#2359);
#707=VERTEX_POINT('',#2361);
#708=VERTEX_POINT('',#2370);
#709=VERTEX_POINT('',#2371);
#710=VERTEX_POINT('',#2373);
#711=VERTEX_POINT('',#2375);
#712=VERTEX_POINT('',#2379);
#713=VERTEX_POINT('',#2381);
#714=VERTEX_POINT('',#2385);
#715=VERTEX_POINT('',#2387);
#716=EDGE_CURVE('',#596,#596,#524,.T.);
#717=EDGE_CURVE('',#596,#597,#308,.T.);
#718=EDGE_CURVE('',#597,#597,#525,.T.);
#719=EDGE_CURVE('',#598,#598,#526,.T.);
#720=EDGE_CURVE('',#598,#599,#309,.T.);
#721=EDGE_CURVE('',#599,#599,#527,.T.);
#722=EDGE_CURVE('',#600,#600,#528,.T.);
#723=EDGE_CURVE('',#600,#601,#310,.T.);
#724=EDGE_CURVE('',#601,#601,#529,.T.);
#725=EDGE_CURVE('',#602,#602,#530,.T.);
#726=EDGE_CURVE('',#603,#603,#531,.T.);
#727=EDGE_CURVE('',#604,#604,#532,.T.);
#728=EDGE_CURVE('',#605,#605,#533,.T.);
#729=EDGE_CURVE('',#606,#606,#534,.T.);
#730=EDGE_CURVE('',#607,#607,#535,.T.);
#731=EDGE_CURVE('',#608,#608,#536,.T.);
#732=EDGE_CURVE('',#609,#609,#537,.T.);
#733=EDGE_CURVE('',#610,#610,#538,.T.);
#734=EDGE_CURVE('',#611,#611,#539,.T.);
#735=EDGE_CURVE('',#606,#611,#311,.T.);
#736=EDGE_CURVE('',#605,#610,#312,.T.);
#737=EDGE_CURVE('',#604,#609,#313,.T.);
#738=EDGE_CURVE('',#603,#608,#314,.T.);
#739=EDGE_CURVE('',#602,#607,#315,.T.);
#740=EDGE_CURVE('',#612,#612,#540,.T.);
#741=EDGE_CURVE('',#613,#613,#541,.T.);
#742=EDGE_CURVE('',#614,#614,#542,.T.);
#743=EDGE_CURVE('',#614,#612,#316,.T.);
#744=EDGE_CURVE('',#613,#615,#317,.T.);
#745=EDGE_CURVE('',#616,#615,#543,.T.);
#746=EDGE_CURVE('',#615,#616,#544,.T.);
#747=EDGE_CURVE('',#617,#617,#545,.T.);
#748=EDGE_CURVE('',#617,#618,#318,.T.);
#749=EDGE_CURVE('',#618,#618,#546,.T.);
#750=EDGE_CURVE('',#619,#619,#547,.T.);
#751=EDGE_CURVE('',#619,#616,#319,.T.);
#752=EDGE_CURVE('',#620,#621,#548,.T.);
#753=EDGE_CURVE('',#620,#622,#320,.T.);
#754=EDGE_CURVE('',#623,#622,#549,.T.);
#755=EDGE_CURVE('',#621,#623,#321,.T.);
#756=EDGE_CURVE('',#621,#624,#322,.T.);
#757=EDGE_CURVE('',#625,#623,#323,.T.);
#758=EDGE_CURVE('',#624,#625,#324,.T.);
#759=EDGE_CURVE('',#626,#624,#550,.T.);
#760=EDGE_CURVE('',#627,#625,#551,.T.);
#761=EDGE_CURVE('',#626,#627,#325,.T.);
#762=EDGE_CURVE('',#620,#626,#326,.T.);
#763=EDGE_CURVE('',#622,#627,#327,.T.);
#764=EDGE_CURVE('',#628,#629,#552,.T.);
#765=EDGE_CURVE('',#628,#630,#328,.T.);
#766=EDGE_CURVE('',#631,#630,#553,.T.);
#767=EDGE_CURVE('',#629,#631,#329,.T.);
#768=EDGE_CURVE('',#629,#632,#330,.T.);
#769=EDGE_CURVE('',#633,#631,#331,.T.);
#770=EDGE_CURVE('',#632,#633,#332,.T.);
#771=EDGE_CURVE('',#634,#632,#554,.T.);
#772=EDGE_CURVE('',#635,#633,#555,.T.);
#773=EDGE_CURVE('',#634,#635,#333,.T.);
#774=EDGE_CURVE('',#628,#634,#334,.T.);
#775=EDGE_CURVE('',#630,#635,#335,.T.);
#776=EDGE_CURVE('',#636,#637,#556,.T.);
#777=EDGE_CURVE('',#636,#638,#336,.T.);
#778=EDGE_CURVE('',#639,#638,#557,.T.);
#779=EDGE_CURVE('',#637,#639,#337,.T.);
#780=EDGE_CURVE('',#637,#640,#338,.T.);
#781=EDGE_CURVE('',#641,#639,#339,.T.);
#782=EDGE_CURVE('',#640,#641,#340,.T.);
#783=EDGE_CURVE('',#642,#640,#558,.T.);
#784=EDGE_CURVE('',#643,#641,#559,.T.);
#785=EDGE_CURVE('',#642,#643,#341,.T.);
#786=EDGE_CURVE('',#636,#642,#342,.T.);
#787=EDGE_CURVE('',#638,#643,#343,.T.);
#788=EDGE_CURVE('',#644,#645,#560,.T.);
#789=EDGE_CURVE('',#644,#646,#344,.T.);
#790=EDGE_CURVE('',#647,#646,#561,.T.);
#791=EDGE_CURVE('',#645,#647,#345,.T.);
#792=EDGE_CURVE('',#645,#648,#346,.T.);
#793=EDGE_CURVE('',#649,#647,#347,.T.);
#794=EDGE_CURVE('',#648,#649,#348,.T.);
#795=EDGE_CURVE('',#650,#648,#562,.T.);
#796=EDGE_CURVE('',#651,#649,#563,.T.);
#797=EDGE_CURVE('',#650,#651,#349,.T.);
#798=EDGE_CURVE('',#644,#650,#350,.T.);
#799=EDGE_CURVE('',#646,#651,#351,.T.);
#800=EDGE_CURVE('',#652,#653,#564,.T.);
#801=EDGE_CURVE('',#652,#654,#352,.T.);
#802=EDGE_CURVE('',#655,#654,#565,.T.);
#803=EDGE_CURVE('',#653,#655,#353,.T.);
#804=EDGE_CURVE('',#653,#656,#354,.T.);
#805=EDGE_CURVE('',#657,#655,#355,.T.);
#806=EDGE_CURVE('',#656,#657,#356,.T.);
#807=EDGE_CURVE('',#658,#656,#566,.T.);
#808=EDGE_CURVE('',#659,#657,#567,.T.);
#809=EDGE_CURVE('',#658,#659,#357,.T.);
#810=EDGE_CURVE('',#652,#658,#358,.T.);
#811=EDGE_CURVE('',#654,#659,#359,.T.);
#812=EDGE_CURVE('',#660,#661,#568,.T.);
#813=EDGE_CURVE('',#660,#662,#360,.T.);
#814=EDGE_CURVE('',#663,#662,#569,.T.);
#815=EDGE_CURVE('',#661,#663,#361,.T.);
#816=EDGE_CURVE('',#661,#664,#362,.T.);
#817=EDGE_CURVE('',#665,#663,#363,.T.);
#818=EDGE_CURVE('',#664,#665,#364,.T.);
#819=EDGE_CURVE('',#666,#664,#570,.T.);
#820=EDGE_CURVE('',#667,#665,#571,.T.);
#821=EDGE_CURVE('',#666,#667,#365,.T.);
#822=EDGE_CURVE('',#660,#666,#366,.T.);
#823=EDGE_CURVE('',#662,#667,#367,.T.);
#824=EDGE_CURVE('',#668,#669,#572,.T.);
#825=EDGE_CURVE('',#668,#670,#368,.T.);
#826=EDGE_CURVE('',#671,#670,#573,.T.);
#827=EDGE_CURVE('',#669,#671,#369,.T.);
#828=EDGE_CURVE('',#669,#672,#370,.T.);
#829=EDGE_CURVE('',#673,#671,#371,.T.);
#830=EDGE_CURVE('',#672,#673,#372,.T.);
#831=EDGE_CURVE('',#674,#672,#574,.T.);
#832=EDGE_CURVE('',#675,#673,#575,.T.);
#833=EDGE_CURVE('',#674,#675,#373,.T.);
#834=EDGE_CURVE('',#668,#674,#374,.T.);
#835=EDGE_CURVE('',#670,#675,#375,.T.);
#836=EDGE_CURVE('',#676,#677,#576,.T.);
#837=EDGE_CURVE('',#676,#678,#376,.T.);
#838=EDGE_CURVE('',#679,#678,#577,.T.);
#839=EDGE_CURVE('',#677,#679,#377,.T.);
#840=EDGE_CURVE('',#677,#680,#378,.T.);
#841=EDGE_CURVE('',#681,#679,#379,.T.);
#842=EDGE_CURVE('',#680,#681,#380,.T.);
#843=EDGE_CURVE('',#682,#680,#578,.T.);
#844=EDGE_CURVE('',#683,#681,#579,.T.);
#845=EDGE_CURVE('',#682,#683,#381,.T.);
#846=EDGE_CURVE('',#676,#682,#382,.T.);
#847=EDGE_CURVE('',#678,#683,#383,.T.);
#848=EDGE_CURVE('',#684,#685,#580,.T.);
#849=EDGE_CURVE('',#684,#686,#384,.T.);
#850=EDGE_CURVE('',#687,#686,#581,.T.);
#851=EDGE_CURVE('',#685,#687,#385,.T.);
#852=EDGE_CURVE('',#685,#688,#386,.T.);
#853=EDGE_CURVE('',#689,#687,#387,.T.);
#854=EDGE_CURVE('',#688,#689,#388,.T.);
#855=EDGE_CURVE('',#690,#688,#582,.T.);
#856=EDGE_CURVE('',#691,#689,#583,.T.);
#857=EDGE_CURVE('',#690,#691,#389,.T.);
#858=EDGE_CURVE('',#684,#690,#390,.T.);
#859=EDGE_CURVE('',#686,#691,#391,.T.);
#860=EDGE_CURVE('',#692,#693,#584,.T.);
#861=EDGE_CURVE('',#692,#694,#392,.T.);
#862=EDGE_CURVE('',#695,#694,#585,.T.);
#863=EDGE_CURVE('',#693,#695,#393,.T.);
#864=EDGE_CURVE('',#693,#696,#394,.T.);
#865=EDGE_CURVE('',#697,#695,#395,.T.);
#866=EDGE_CURVE('',#696,#697,#396,.T.);
#867=EDGE_CURVE('',#698,#696,#586,.T.);
#868=EDGE_CURVE('',#699,#697,#587,.T.);
#869=EDGE_CURVE('',#698,#699,#397,.T.);
#870=EDGE_CURVE('',#692,#698,#398,.T.);
#871=EDGE_CURVE('',#694,#699,#399,.T.);
#872=EDGE_CURVE('',#700,#701,#588,.T.);
#873=EDGE_CURVE('',#700,#702,#400,.T.);
#874=EDGE_CURVE('',#703,#702,#589,.T.);
#875=EDGE_CURVE('',#701,#703,#401,.T.);
#876=EDGE_CURVE('',#701,#704,#402,.T.);
#877=EDGE_CURVE('',#705,#703,#403,.T.);
#878=EDGE_CURVE('',#704,#705,#404,.T.);
#879=EDGE_CURVE('',#706,#704,#590,.T.);
#880=EDGE_CURVE('',#707,#705,#591,.T.);
#881=EDGE_CURVE('',#706,#707,#405,.T.);
#882=EDGE_CURVE('',#700,#706,#406,.T.);
#883=EDGE_CURVE('',#702,#707,#407,.T.);
#884=EDGE_CURVE('',#708,#709,#592,.T.);
#885=EDGE_CURVE('',#708,#710,#408,.T.);
#886=EDGE_CURVE('',#711,#710,#593,.T.);
#887=EDGE_CURVE('',#709,#711,#409,.T.);
#888=EDGE_CURVE('',#709,#712,#410,.T.);
#889=EDGE_CURVE('',#713,#711,#411,.T.);
#890=EDGE_CURVE('',#712,#713,#412,.T.);
#891=EDGE_CURVE('',#714,#712,#594,.T.);
#892=EDGE_CURVE('',#715,#713,#595,.T.);
#893=EDGE_CURVE('',#714,#715,#413,.T.);
#894=EDGE_CURVE('',#708,#714,#414,.T.);
#895=EDGE_CURVE('',#710,#715,#415,.T.);
#896=ORIENTED_EDGE('',*,*,#716,.F.);
#897=ORIENTED_EDGE('',*,*,#717,.T.);
#898=ORIENTED_EDGE('',*,*,#718,.F.);
#899=ORIENTED_EDGE('',*,*,#717,.F.);
#900=ORIENTED_EDGE('',*,*,#719,.F.);
#901=ORIENTED_EDGE('',*,*,#720,.T.);
#902=ORIENTED_EDGE('',*,*,#721,.T.);
#903=ORIENTED_EDGE('',*,*,#720,.F.);
#904=ORIENTED_EDGE('',*,*,#719,.T.);
#905=ORIENTED_EDGE('',*,*,#716,.T.);
#906=ORIENTED_EDGE('',*,*,#722,.F.);
#907=ORIENTED_EDGE('',*,*,#723,.T.);
#908=ORIENTED_EDGE('',*,*,#724,.T.);
#909=ORIENTED_EDGE('',*,*,#723,.F.);
#910=ORIENTED_EDGE('',*,*,#718,.T.);
#911=ORIENTED_EDGE('',*,*,#725,.T.);
#912=ORIENTED_EDGE('',*,*,#726,.T.);
#913=ORIENTED_EDGE('',*,*,#727,.T.);
#914=ORIENTED_EDGE('',*,*,#728,.T.);
#915=ORIENTED_EDGE('',*,*,#729,.T.);
#916=ORIENTED_EDGE('',*,*,#722,.T.);
#917=ORIENTED_EDGE('',*,*,#721,.F.);
#918=ORIENTED_EDGE('',*,*,#730,.F.);
#919=ORIENTED_EDGE('',*,*,#731,.F.);
#920=ORIENTED_EDGE('',*,*,#732,.F.);
#921=ORIENTED_EDGE('',*,*,#733,.F.);
#922=ORIENTED_EDGE('',*,*,#734,.F.);
#923=ORIENTED_EDGE('',*,*,#724,.F.);
#924=ORIENTED_EDGE('',*,*,#729,.F.);
#925=ORIENTED_EDGE('',*,*,#735,.T.);
#926=ORIENTED_EDGE('',*,*,#734,.T.);
#927=ORIENTED_EDGE('',*,*,#735,.F.);
#928=ORIENTED_EDGE('',*,*,#728,.F.);
#929=ORIENTED_EDGE('',*,*,#736,.T.);
#930=ORIENTED_EDGE('',*,*,#733,.T.);
#931=ORIENTED_EDGE('',*,*,#736,.F.);
#932=ORIENTED_EDGE('',*,*,#727,.F.);
#933=ORIENTED_EDGE('',*,*,#737,.T.);
#934=ORIENTED_EDGE('',*,*,#732,.T.);
#935=ORIENTED_EDGE('',*,*,#737,.F.);
#936=ORIENTED_EDGE('',*,*,#726,.F.);
#937=ORIENTED_EDGE('',*,*,#738,.T.);
#938=ORIENTED_EDGE('',*,*,#731,.T.);
#939=ORIENTED_EDGE('',*,*,#738,.F.);
#940=ORIENTED_EDGE('',*,*,#725,.F.);
#941=ORIENTED_EDGE('',*,*,#739,.T.);
#942=ORIENTED_EDGE('',*,*,#730,.T.);
#943=ORIENTED_EDGE('',*,*,#739,.F.);
#944=ORIENTED_EDGE('',*,*,#740,.F.);
#945=ORIENTED_EDGE('',*,*,#741,.T.);
#946=ORIENTED_EDGE('',*,*,#742,.F.);
#947=ORIENTED_EDGE('',*,*,#743,.T.);
#948=ORIENTED_EDGE('',*,*,#740,.T.);
#949=ORIENTED_EDGE('',*,*,#743,.F.);
#950=ORIENTED_EDGE('',*,*,#741,.F.);
#951=ORIENTED_EDGE('',*,*,#744,.T.);
#952=ORIENTED_EDGE('',*,*,#745,.F.);
#953=ORIENTED_EDGE('',*,*,#746,.F.);
#954=ORIENTED_EDGE('',*,*,#744,.F.);
#955=ORIENTED_EDGE('',*,*,#747,.F.);
#956=ORIENTED_EDGE('',*,*,#748,.T.);
#957=ORIENTED_EDGE('',*,*,#749,.T.);
#958=ORIENTED_EDGE('',*,*,#748,.F.);
#959=ORIENTED_EDGE('',*,*,#750,.F.);
#960=ORIENTED_EDGE('',*,*,#751,.T.);
#961=ORIENTED_EDGE('',*,*,#745,.T.);
#962=ORIENTED_EDGE('',*,*,#746,.T.);
#963=ORIENTED_EDGE('',*,*,#751,.F.);
#964=ORIENTED_EDGE('',*,*,#750,.T.);
#965=ORIENTED_EDGE('',*,*,#747,.T.);
#966=ORIENTED_EDGE('',*,*,#742,.T.);
#967=ORIENTED_EDGE('',*,*,#749,.F.);
#968=ORIENTED_EDGE('',*,*,#752,.F.);
#969=ORIENTED_EDGE('',*,*,#753,.T.);
#970=ORIENTED_EDGE('',*,*,#754,.F.);
#971=ORIENTED_EDGE('',*,*,#755,.F.);
#972=ORIENTED_EDGE('',*,*,#756,.F.);
#973=ORIENTED_EDGE('',*,*,#755,.T.);
#974=ORIENTED_EDGE('',*,*,#757,.F.);
#975=ORIENTED_EDGE('',*,*,#758,.F.);
#976=ORIENTED_EDGE('',*,*,#759,.T.);
#977=ORIENTED_EDGE('',*,*,#758,.T.);
#978=ORIENTED_EDGE('',*,*,#760,.F.);
#979=ORIENTED_EDGE('',*,*,#761,.F.);
#980=ORIENTED_EDGE('',*,*,#762,.T.);
#981=ORIENTED_EDGE('',*,*,#761,.T.);
#982=ORIENTED_EDGE('',*,*,#763,.F.);
#983=ORIENTED_EDGE('',*,*,#753,.F.);
#984=ORIENTED_EDGE('',*,*,#763,.T.);
#985=ORIENTED_EDGE('',*,*,#760,.T.);
#986=ORIENTED_EDGE('',*,*,#757,.T.);
#987=ORIENTED_EDGE('',*,*,#754,.T.);
#988=ORIENTED_EDGE('',*,*,#762,.F.);
#989=ORIENTED_EDGE('',*,*,#752,.T.);
#990=ORIENTED_EDGE('',*,*,#756,.T.);
#991=ORIENTED_EDGE('',*,*,#759,.F.);
#992=ORIENTED_EDGE('',*,*,#764,.F.);
#993=ORIENTED_EDGE('',*,*,#765,.T.);
#994=ORIENTED_EDGE('',*,*,#766,.F.);
#995=ORIENTED_EDGE('',*,*,#767,.F.);
#996=ORIENTED_EDGE('',*,*,#768,.F.);
#997=ORIENTED_EDGE('',*,*,#767,.T.);
#998=ORIENTED_EDGE('',*,*,#769,.F.);
#999=ORIENTED_EDGE('',*,*,#770,.F.);
#1000=ORIENTED_EDGE('',*,*,#771,.T.);
#1001=ORIENTED_EDGE('',*,*,#770,.T.);
#1002=ORIENTED_EDGE('',*,*,#772,.F.);
#1003=ORIENTED_EDGE('',*,*,#773,.F.);
#1004=ORIENTED_EDGE('',*,*,#774,.T.);
#1005=ORIENTED_EDGE('',*,*,#773,.T.);
#1006=ORIENTED_EDGE('',*,*,#775,.F.);
#1007=ORIENTED_EDGE('',*,*,#765,.F.);
#1008=ORIENTED_EDGE('',*,*,#775,.T.);
#1009=ORIENTED_EDGE('',*,*,#772,.T.);
#1010=ORIENTED_EDGE('',*,*,#769,.T.);
#1011=ORIENTED_EDGE('',*,*,#766,.T.);
#1012=ORIENTED_EDGE('',*,*,#774,.F.);
#1013=ORIENTED_EDGE('',*,*,#764,.T.);
#1014=ORIENTED_EDGE('',*,*,#768,.T.);
#1015=ORIENTED_EDGE('',*,*,#771,.F.);
#1016=ORIENTED_EDGE('',*,*,#776,.F.);
#1017=ORIENTED_EDGE('',*,*,#777,.T.);
#1018=ORIENTED_EDGE('',*,*,#778,.F.);
#1019=ORIENTED_EDGE('',*,*,#779,.F.);
#1020=ORIENTED_EDGE('',*,*,#780,.F.);
#1021=ORIENTED_EDGE('',*,*,#779,.T.);
#1022=ORIENTED_EDGE('',*,*,#781,.F.);
#1023=ORIENTED_EDGE('',*,*,#782,.F.);
#1024=ORIENTED_EDGE('',*,*,#783,.T.);
#1025=ORIENTED_EDGE('',*,*,#782,.T.);
#1026=ORIENTED_EDGE('',*,*,#784,.F.);
#1027=ORIENTED_EDGE('',*,*,#785,.F.);
#1028=ORIENTED_EDGE('',*,*,#786,.T.);
#1029=ORIENTED_EDGE('',*,*,#785,.T.);
#1030=ORIENTED_EDGE('',*,*,#787,.F.);
#1031=ORIENTED_EDGE('',*,*,#777,.F.);
#1032=ORIENTED_EDGE('',*,*,#787,.T.);
#1033=ORIENTED_EDGE('',*,*,#784,.T.);
#1034=ORIENTED_EDGE('',*,*,#781,.T.);
#1035=ORIENTED_EDGE('',*,*,#778,.T.);
#1036=ORIENTED_EDGE('',*,*,#786,.F.);
#1037=ORIENTED_EDGE('',*,*,#776,.T.);
#1038=ORIENTED_EDGE('',*,*,#780,.T.);
#1039=ORIENTED_EDGE('',*,*,#783,.F.);
#1040=ORIENTED_EDGE('',*,*,#788,.F.);
#1041=ORIENTED_EDGE('',*,*,#789,.T.);
#1042=ORIENTED_EDGE('',*,*,#790,.F.);
#1043=ORIENTED_EDGE('',*,*,#791,.F.);
#1044=ORIENTED_EDGE('',*,*,#792,.F.);
#1045=ORIENTED_EDGE('',*,*,#791,.T.);
#1046=ORIENTED_EDGE('',*,*,#793,.F.);
#1047=ORIENTED_EDGE('',*,*,#794,.F.);
#1048=ORIENTED_EDGE('',*,*,#795,.T.);
#1049=ORIENTED_EDGE('',*,*,#794,.T.);
#1050=ORIENTED_EDGE('',*,*,#796,.F.);
#1051=ORIENTED_EDGE('',*,*,#797,.F.);
#1052=ORIENTED_EDGE('',*,*,#798,.T.);
#1053=ORIENTED_EDGE('',*,*,#797,.T.);
#1054=ORIENTED_EDGE('',*,*,#799,.F.);
#1055=ORIENTED_EDGE('',*,*,#789,.F.);
#1056=ORIENTED_EDGE('',*,*,#799,.T.);
#1057=ORIENTED_EDGE('',*,*,#796,.T.);
#1058=ORIENTED_EDGE('',*,*,#793,.T.);
#1059=ORIENTED_EDGE('',*,*,#790,.T.);
#1060=ORIENTED_EDGE('',*,*,#798,.F.);
#1061=ORIENTED_EDGE('',*,*,#788,.T.);
#1062=ORIENTED_EDGE('',*,*,#792,.T.);
#1063=ORIENTED_EDGE('',*,*,#795,.F.);
#1064=ORIENTED_EDGE('',*,*,#800,.F.);
#1065=ORIENTED_EDGE('',*,*,#801,.T.);
#1066=ORIENTED_EDGE('',*,*,#802,.F.);
#1067=ORIENTED_EDGE('',*,*,#803,.F.);
#1068=ORIENTED_EDGE('',*,*,#804,.F.);
#1069=ORIENTED_EDGE('',*,*,#803,.T.);
#1070=ORIENTED_EDGE('',*,*,#805,.F.);
#1071=ORIENTED_EDGE('',*,*,#806,.F.);
#1072=ORIENTED_EDGE('',*,*,#807,.T.);
#1073=ORIENTED_EDGE('',*,*,#806,.T.);
#1074=ORIENTED_EDGE('',*,*,#808,.F.);
#1075=ORIENTED_EDGE('',*,*,#809,.F.);
#1076=ORIENTED_EDGE('',*,*,#810,.T.);
#1077=ORIENTED_EDGE('',*,*,#809,.T.);
#1078=ORIENTED_EDGE('',*,*,#811,.F.);
#1079=ORIENTED_EDGE('',*,*,#801,.F.);
#1080=ORIENTED_EDGE('',*,*,#811,.T.);
#1081=ORIENTED_EDGE('',*,*,#808,.T.);
#1082=ORIENTED_EDGE('',*,*,#805,.T.);
#1083=ORIENTED_EDGE('',*,*,#802,.T.);
#1084=ORIENTED_EDGE('',*,*,#810,.F.);
#1085=ORIENTED_EDGE('',*,*,#800,.T.);
#1086=ORIENTED_EDGE('',*,*,#804,.T.);
#1087=ORIENTED_EDGE('',*,*,#807,.F.);
#1088=ORIENTED_EDGE('',*,*,#812,.F.);
#1089=ORIENTED_EDGE('',*,*,#813,.T.);
#1090=ORIENTED_EDGE('',*,*,#814,.F.);
#1091=ORIENTED_EDGE('',*,*,#815,.F.);
#1092=ORIENTED_EDGE('',*,*,#816,.F.);
#1093=ORIENTED_EDGE('',*,*,#815,.T.);
#1094=ORIENTED_EDGE('',*,*,#817,.F.);
#1095=ORIENTED_EDGE('',*,*,#818,.F.);
#1096=ORIENTED_EDGE('',*,*,#819,.T.);
#1097=ORIENTED_EDGE('',*,*,#818,.T.);
#1098=ORIENTED_EDGE('',*,*,#820,.F.);
#1099=ORIENTED_EDGE('',*,*,#821,.F.);
#1100=ORIENTED_EDGE('',*,*,#822,.T.);
#1101=ORIENTED_EDGE('',*,*,#821,.T.);
#1102=ORIENTED_EDGE('',*,*,#823,.F.);
#1103=ORIENTED_EDGE('',*,*,#813,.F.);
#1104=ORIENTED_EDGE('',*,*,#823,.T.);
#1105=ORIENTED_EDGE('',*,*,#820,.T.);
#1106=ORIENTED_EDGE('',*,*,#817,.T.);
#1107=ORIENTED_EDGE('',*,*,#814,.T.);
#1108=ORIENTED_EDGE('',*,*,#822,.F.);
#1109=ORIENTED_EDGE('',*,*,#812,.T.);
#1110=ORIENTED_EDGE('',*,*,#816,.T.);
#1111=ORIENTED_EDGE('',*,*,#819,.F.);
#1112=ORIENTED_EDGE('',*,*,#824,.F.);
#1113=ORIENTED_EDGE('',*,*,#825,.T.);
#1114=ORIENTED_EDGE('',*,*,#826,.F.);
#1115=ORIENTED_EDGE('',*,*,#827,.F.);
#1116=ORIENTED_EDGE('',*,*,#828,.F.);
#1117=ORIENTED_EDGE('',*,*,#827,.T.);
#1118=ORIENTED_EDGE('',*,*,#829,.F.);
#1119=ORIENTED_EDGE('',*,*,#830,.F.);
#1120=ORIENTED_EDGE('',*,*,#831,.T.);
#1121=ORIENTED_EDGE('',*,*,#830,.T.);
#1122=ORIENTED_EDGE('',*,*,#832,.F.);
#1123=ORIENTED_EDGE('',*,*,#833,.F.);
#1124=ORIENTED_EDGE('',*,*,#834,.T.);
#1125=ORIENTED_EDGE('',*,*,#833,.T.);
#1126=ORIENTED_EDGE('',*,*,#835,.F.);
#1127=ORIENTED_EDGE('',*,*,#825,.F.);
#1128=ORIENTED_EDGE('',*,*,#835,.T.);
#1129=ORIENTED_EDGE('',*,*,#832,.T.);
#1130=ORIENTED_EDGE('',*,*,#829,.T.);
#1131=ORIENTED_EDGE('',*,*,#826,.T.);
#1132=ORIENTED_EDGE('',*,*,#834,.F.);
#1133=ORIENTED_EDGE('',*,*,#824,.T.);
#1134=ORIENTED_EDGE('',*,*,#828,.T.);
#1135=ORIENTED_EDGE('',*,*,#831,.F.);
#1136=ORIENTED_EDGE('',*,*,#836,.F.);
#1137=ORIENTED_EDGE('',*,*,#837,.T.);
#1138=ORIENTED_EDGE('',*,*,#838,.F.);
#1139=ORIENTED_EDGE('',*,*,#839,.F.);
#1140=ORIENTED_EDGE('',*,*,#840,.F.);
#1141=ORIENTED_EDGE('',*,*,#839,.T.);
#1142=ORIENTED_EDGE('',*,*,#841,.F.);
#1143=ORIENTED_EDGE('',*,*,#842,.F.);
#1144=ORIENTED_EDGE('',*,*,#843,.T.);
#1145=ORIENTED_EDGE('',*,*,#842,.T.);
#1146=ORIENTED_EDGE('',*,*,#844,.F.);
#1147=ORIENTED_EDGE('',*,*,#845,.F.);
#1148=ORIENTED_EDGE('',*,*,#846,.T.);
#1149=ORIENTED_EDGE('',*,*,#845,.T.);
#1150=ORIENTED_EDGE('',*,*,#847,.F.);
#1151=ORIENTED_EDGE('',*,*,#837,.F.);
#1152=ORIENTED_EDGE('',*,*,#847,.T.);
#1153=ORIENTED_EDGE('',*,*,#844,.T.);
#1154=ORIENTED_EDGE('',*,*,#841,.T.);
#1155=ORIENTED_EDGE('',*,*,#838,.T.);
#1156=ORIENTED_EDGE('',*,*,#846,.F.);
#1157=ORIENTED_EDGE('',*,*,#836,.T.);
#1158=ORIENTED_EDGE('',*,*,#840,.T.);
#1159=ORIENTED_EDGE('',*,*,#843,.F.);
#1160=ORIENTED_EDGE('',*,*,#848,.F.);
#1161=ORIENTED_EDGE('',*,*,#849,.T.);
#1162=ORIENTED_EDGE('',*,*,#850,.F.);
#1163=ORIENTED_EDGE('',*,*,#851,.F.);
#1164=ORIENTED_EDGE('',*,*,#852,.F.);
#1165=ORIENTED_EDGE('',*,*,#851,.T.);
#1166=ORIENTED_EDGE('',*,*,#853,.F.);
#1167=ORIENTED_EDGE('',*,*,#854,.F.);
#1168=ORIENTED_EDGE('',*,*,#855,.T.);
#1169=ORIENTED_EDGE('',*,*,#854,.T.);
#1170=ORIENTED_EDGE('',*,*,#856,.F.);
#1171=ORIENTED_EDGE('',*,*,#857,.F.);
#1172=ORIENTED_EDGE('',*,*,#858,.T.);
#1173=ORIENTED_EDGE('',*,*,#857,.T.);
#1174=ORIENTED_EDGE('',*,*,#859,.F.);
#1175=ORIENTED_EDGE('',*,*,#849,.F.);
#1176=ORIENTED_EDGE('',*,*,#859,.T.);
#1177=ORIENTED_EDGE('',*,*,#856,.T.);
#1178=ORIENTED_EDGE('',*,*,#853,.T.);
#1179=ORIENTED_EDGE('',*,*,#850,.T.);
#1180=ORIENTED_EDGE('',*,*,#858,.F.);
#1181=ORIENTED_EDGE('',*,*,#848,.T.);
#1182=ORIENTED_EDGE('',*,*,#852,.T.);
#1183=ORIENTED_EDGE('',*,*,#855,.F.);
#1184=ORIENTED_EDGE('',*,*,#860,.F.);
#1185=ORIENTED_EDGE('',*,*,#861,.T.);
#1186=ORIENTED_EDGE('',*,*,#862,.F.);
#1187=ORIENTED_EDGE('',*,*,#863,.F.);
#1188=ORIENTED_EDGE('',*,*,#864,.F.);
#1189=ORIENTED_EDGE('',*,*,#863,.T.);
#1190=ORIENTED_EDGE('',*,*,#865,.F.);
#1191=ORIENTED_EDGE('',*,*,#866,.F.);
#1192=ORIENTED_EDGE('',*,*,#867,.T.);
#1193=ORIENTED_EDGE('',*,*,#866,.T.);
#1194=ORIENTED_EDGE('',*,*,#868,.F.);
#1195=ORIENTED_EDGE('',*,*,#869,.F.);
#1196=ORIENTED_EDGE('',*,*,#870,.T.);
#1197=ORIENTED_EDGE('',*,*,#869,.T.);
#1198=ORIENTED_EDGE('',*,*,#871,.F.);
#1199=ORIENTED_EDGE('',*,*,#861,.F.);
#1200=ORIENTED_EDGE('',*,*,#871,.T.);
#1201=ORIENTED_EDGE('',*,*,#868,.T.);
#1202=ORIENTED_EDGE('',*,*,#865,.T.);
#1203=ORIENTED_EDGE('',*,*,#862,.T.);
#1204=ORIENTED_EDGE('',*,*,#870,.F.);
#1205=ORIENTED_EDGE('',*,*,#860,.T.);
#1206=ORIENTED_EDGE('',*,*,#864,.T.);
#1207=ORIENTED_EDGE('',*,*,#867,.F.);
#1208=ORIENTED_EDGE('',*,*,#872,.F.);
#1209=ORIENTED_EDGE('',*,*,#873,.T.);
#1210=ORIENTED_EDGE('',*,*,#874,.F.);
#1211=ORIENTED_EDGE('',*,*,#875,.F.);
#1212=ORIENTED_EDGE('',*,*,#876,.F.);
#1213=ORIENTED_EDGE('',*,*,#875,.T.);
#1214=ORIENTED_EDGE('',*,*,#877,.F.);
#1215=ORIENTED_EDGE('',*,*,#878,.F.);
#1216=ORIENTED_EDGE('',*,*,#879,.T.);
#1217=ORIENTED_EDGE('',*,*,#878,.T.);
#1218=ORIENTED_EDGE('',*,*,#880,.F.);
#1219=ORIENTED_EDGE('',*,*,#881,.F.);
#1220=ORIENTED_EDGE('',*,*,#882,.T.);
#1221=ORIENTED_EDGE('',*,*,#881,.T.);
#1222=ORIENTED_EDGE('',*,*,#883,.F.);
#1223=ORIENTED_EDGE('',*,*,#873,.F.);
#1224=ORIENTED_EDGE('',*,*,#883,.T.);
#1225=ORIENTED_EDGE('',*,*,#880,.T.);
#1226=ORIENTED_EDGE('',*,*,#877,.T.);
#1227=ORIENTED_EDGE('',*,*,#874,.T.);
#1228=ORIENTED_EDGE('',*,*,#882,.F.);
#1229=ORIENTED_EDGE('',*,*,#872,.T.);
#1230=ORIENTED_EDGE('',*,*,#876,.T.);
#1231=ORIENTED_EDGE('',*,*,#879,.F.);
#1232=ORIENTED_EDGE('',*,*,#884,.F.);
#1233=ORIENTED_EDGE('',*,*,#885,.T.);
#1234=ORIENTED_EDGE('',*,*,#886,.F.);
#1235=ORIENTED_EDGE('',*,*,#887,.F.);
#1236=ORIENTED_EDGE('',*,*,#888,.F.);
#1237=ORIENTED_EDGE('',*,*,#887,.T.);
#1238=ORIENTED_EDGE('',*,*,#889,.F.);
#1239=ORIENTED_EDGE('',*,*,#890,.F.);
#1240=ORIENTED_EDGE('',*,*,#891,.T.);
#1241=ORIENTED_EDGE('',*,*,#890,.T.);
#1242=ORIENTED_EDGE('',*,*,#892,.F.);
#1243=ORIENTED_EDGE('',*,*,#893,.F.);
#1244=ORIENTED_EDGE('',*,*,#894,.T.);
#1245=ORIENTED_EDGE('',*,*,#893,.T.);
#1246=ORIENTED_EDGE('',*,*,#895,.F.);
#1247=ORIENTED_EDGE('',*,*,#885,.F.);
#1248=ORIENTED_EDGE('',*,*,#895,.T.);
#1249=ORIENTED_EDGE('',*,*,#892,.T.);
#1250=ORIENTED_EDGE('',*,*,#889,.T.);
#1251=ORIENTED_EDGE('',*,*,#886,.T.);
#1252=ORIENTED_EDGE('',*,*,#894,.F.);
#1253=ORIENTED_EDGE('',*,*,#884,.T.);
#1254=ORIENTED_EDGE('',*,*,#888,.T.);
#1255=ORIENTED_EDGE('',*,*,#891,.F.);
#1256=CYLINDRICAL_SURFACE('',#1408,16.3);
#1257=CYLINDRICAL_SURFACE('',#1411,18.0000002682209);
#1258=CYLINDRICAL_SURFACE('',#1415,2.125);
#1259=CYLINDRICAL_SURFACE('',#1430,2.125);
#1260=CYLINDRICAL_SURFACE('',#1431,2.125);
#1261=CYLINDRICAL_SURFACE('',#1432,2.125);
#1262=CYLINDRICAL_SURFACE('',#1433,2.125);
#1263=CYLINDRICAL_SURFACE('',#1434,2.125);
#1264=CYLINDRICAL_SURFACE('',#1438,47.5000007078052);
#1265=CYLINDRICAL_SURFACE('',#1443,39.0000005811453);
#1266=CYLINDRICAL_SURFACE('',#1446,40.);
#1267=CYLINDRICAL_SURFACE('',#1450,18.0000002682209);
#1268=CYLINDRICAL_SURFACE('',#1454,39.0000005811453);
#1269=CYLINDRICAL_SURFACE('',#1460,18.0000002682209);
#1270=CYLINDRICAL_SURFACE('',#1464,39.0000005811453);
#1271=CYLINDRICAL_SURFACE('',#1470,18.0000002682209);
#1272=CYLINDRICAL_SURFACE('',#1474,39.0000005811453);
#1273=CYLINDRICAL_SURFACE('',#1480,18.0000002682209);
#1274=CYLINDRICAL_SURFACE('',#1484,39.0000005811453);
#1275=CYLINDRICAL_SURFACE('',#1490,18.0000002682209);
#1276=CYLINDRICAL_SURFACE('',#1494,39.0000005811453);
#1277=CYLINDRICAL_SURFACE('',#1500,18.0000002682209);
#1278=CYLINDRICAL_SURFACE('',#1504,39.0000005811453);
#1279=CYLINDRICAL_SURFACE('',#1510,18.0000002682209);
#1280=CYLINDRICAL_SURFACE('',#1514,39.0000005811453);
#1281=CYLINDRICAL_SURFACE('',#1520,18.0000002682209);
#1282=CYLINDRICAL_SURFACE('',#1524,39.0000005811453);
#1283=CYLINDRICAL_SURFACE('',#1530,18.0000002682209);
#1284=CYLINDRICAL_SURFACE('',#1534,39.0000005811453);
#1285=CYLINDRICAL_SURFACE('',#1540,18.0000002682209);
#1286=CYLINDRICAL_SURFACE('',#1544,39.0000005811453);
#1287=CYLINDRICAL_SURFACE('',#1550,18.0000002682209);
#1288=CYLINDRICAL_SURFACE('',#1554,39.0000005811453);
#1289=CYLINDRICAL_SURFACE('',#1560,18.0000002682209);
#1290=CYLINDRICAL_SURFACE('',#1564,39.0000005811453);
#1291=ADVANCED_FACE('',(#112),#1256,.F.);
#1292=ADVANCED_FACE('',(#113),#1257,.T.);
#1293=ADVANCED_FACE('',(#114,#42),#58,.T.);
#1294=ADVANCED_FACE('',(#115),#1258,.F.);
#1295=ADVANCED_FACE('',(#116,#43,#44,#45,#46,#47,#48),#59,.T.);
#1296=ADVANCED_FACE('',(#117,#49,#50,#51,#52,#53,#54),#60,.F.);
#1297=ADVANCED_FACE('',(#118),#1259,.F.);
#1298=ADVANCED_FACE('',(#119),#1260,.F.);
#1299=ADVANCED_FACE('',(#120),#1261,.F.);
#1300=ADVANCED_FACE('',(#121),#1262,.F.);
#1301=ADVANCED_FACE('',(#122),#1263,.F.);
#1302=ADVANCED_FACE('',(#123,#55),#61,.T.);
#1303=ADVANCED_FACE('',(#124),#1264,.T.);
#1304=ADVANCED_FACE('',(#125),#13,.T.);
#1305=ADVANCED_FACE('',(#126),#1265,.F.);
#1306=ADVANCED_FACE('',(#127),#1266,.T.);
#1307=ADVANCED_FACE('',(#128,#56),#62,.T.);
#1308=ADVANCED_FACE('',(#129,#57),#63,.F.);
#1309=ADVANCED_FACE('',(#130),#1267,.F.);
#1310=ADVANCED_FACE('',(#131),#64,.T.);
#1311=ADVANCED_FACE('',(#132),#1268,.T.);
#1312=ADVANCED_FACE('',(#133),#65,.T.);
#1313=ADVANCED_FACE('',(#134),#66,.T.);
#1314=ADVANCED_FACE('',(#135),#67,.F.);
#1315=ADVANCED_FACE('',(#136),#1269,.F.);
#1316=ADVANCED_FACE('',(#137),#68,.T.);
#1317=ADVANCED_FACE('',(#138),#1270,.T.);
#1318=ADVANCED_FACE('',(#139),#69,.T.);
#1319=ADVANCED_FACE('',(#140),#70,.T.);
#1320=ADVANCED_FACE('',(#141),#71,.F.);
#1321=ADVANCED_FACE('',(#142),#1271,.F.);
#1322=ADVANCED_FACE('',(#143),#72,.T.);
#1323=ADVANCED_FACE('',(#144),#1272,.T.);
#1324=ADVANCED_FACE('',(#145),#73,.T.);
#1325=ADVANCED_FACE('',(#146),#74,.T.);
#1326=ADVANCED_FACE('',(#147),#75,.F.);
#1327=ADVANCED_FACE('',(#148),#1273,.F.);
#1328=ADVANCED_FACE('',(#149),#76,.T.);
#1329=ADVANCED_FACE('',(#150),#1274,.T.);
#1330=ADVANCED_FACE('',(#151),#77,.T.);
#1331=ADVANCED_FACE('',(#152),#78,.T.);
#1332=ADVANCED_FACE('',(#153),#79,.F.);
#1333=ADVANCED_FACE('',(#154),#1275,.F.);
#1334=ADVANCED_FACE('',(#155),#80,.T.);
#1335=ADVANCED_FACE('',(#156),#1276,.T.);
#1336=ADVANCED_FACE('',(#157),#81,.T.);
#1337=ADVANCED_FACE('',(#158),#82,.T.);
#1338=ADVANCED_FACE('',(#159),#83,.F.);
#1339=ADVANCED_FACE('',(#160),#1277,.F.);
#1340=ADVANCED_FACE('',(#161),#84,.T.);
#1341=ADVANCED_FACE('',(#162),#1278,.T.);
#1342=ADVANCED_FACE('',(#163),#85,.T.);
#1343=ADVANCED_FACE('',(#164),#86,.T.);
#1344=ADVANCED_FACE('',(#165),#87,.F.);
#1345=ADVANCED_FACE('',(#166),#1279,.F.);
#1346=ADVANCED_FACE('',(#167),#88,.T.);
#1347=ADVANCED_FACE('',(#168),#1280,.T.);
#1348=ADVANCED_FACE('',(#169),#89,.T.);
#1349=ADVANCED_FACE('',(#170),#90,.T.);
#1350=ADVANCED_FACE('',(#171),#91,.F.);
#1351=ADVANCED_FACE('',(#172),#1281,.F.);
#1352=ADVANCED_FACE('',(#173),#92,.T.);
#1353=ADVANCED_FACE('',(#174),#1282,.T.);
#1354=ADVANCED_FACE('',(#175),#93,.T.);
#1355=ADVANCED_FACE('',(#176),#94,.T.);
#1356=ADVANCED_FACE('',(#177),#95,.F.);
#1357=ADVANCED_FACE('',(#178),#1283,.F.);
#1358=ADVANCED_FACE('',(#179),#96,.T.);
#1359=ADVANCED_FACE('',(#180),#1284,.T.);
#1360=ADVANCED_FACE('',(#181),#97,.T.);
#1361=ADVANCED_FACE('',(#182),#98,.T.);
#1362=ADVANCED_FACE('',(#183),#99,.F.);
#1363=ADVANCED_FACE('',(#184),#1285,.F.);
#1364=ADVANCED_FACE('',(#185),#100,.T.);
#1365=ADVANCED_FACE('',(#186),#1286,.T.);
#1366=ADVANCED_FACE('',(#187),#101,.T.);
#1367=ADVANCED_FACE('',(#188),#102,.T.);
#1368=ADVANCED_FACE('',(#189),#103,.F.);
#1369=ADVANCED_FACE('',(#190),#1287,.F.);
#1370=ADVANCED_FACE('',(#191),#104,.T.);
#1371=ADVANCED_FACE('',(#192),#1288,.T.);
#1372=ADVANCED_FACE('',(#193),#105,.T.);
#1373=ADVANCED_FACE('',(#194),#106,.T.);
#1374=ADVANCED_FACE('',(#195),#107,.F.);
#1375=ADVANCED_FACE('',(#196),#1289,.F.);
#1376=ADVANCED_FACE('',(#197),#108,.T.);
#1377=ADVANCED_FACE('',(#198),#1290,.T.);
#1378=ADVANCED_FACE('',(#199),#109,.T.);
#1379=ADVANCED_FACE('',(#200),#110,.T.);
#1380=ADVANCED_FACE('',(#201),#111,.F.);
#1381=CLOSED_SHELL('',(#1291,#1292,#1293,#1294,#1295,#1296,#1297,#1298,
#1299,#1300,#1301));
#1382=CLOSED_SHELL('',(#1302,#1303,#1304,#1305,#1306,#1307,#1308));
#1383=CLOSED_SHELL('',(#1309,#1310,#1311,#1312,#1313,#1314));
#1384=CLOSED_SHELL('',(#1315,#1316,#1317,#1318,#1319,#1320));
#1385=CLOSED_SHELL('',(#1321,#1322,#1323,#1324,#1325,#1326));
#1386=CLOSED_SHELL('',(#1327,#1328,#1329,#1330,#1331,#1332));
#1387=CLOSED_SHELL('',(#1333,#1334,#1335,#1336,#1337,#1338));
#1388=CLOSED_SHELL('',(#1339,#1340,#1341,#1342,#1343,#1344));
#1389=CLOSED_SHELL('',(#1345,#1346,#1347,#1348,#1349,#1350));
#1390=CLOSED_SHELL('',(#1351,#1352,#1353,#1354,#1355,#1356));
#1391=CLOSED_SHELL('',(#1357,#1358,#1359,#1360,#1361,#1362));
#1392=CLOSED_SHELL('',(#1363,#1364,#1365,#1366,#1367,#1368));
#1393=CLOSED_SHELL('',(#1369,#1370,#1371,#1372,#1373,#1374));
#1394=CLOSED_SHELL('',(#1375,#1376,#1377,#1378,#1379,#1380));
#1395=DERIVED_UNIT_ELEMENT(#1397,1.);
#1396=DERIVED_UNIT_ELEMENT(#2400,-3.);
#1397=(
MASS_UNIT()
NAMED_UNIT(*)
SI_UNIT(.KILO.,.GRAM.)
);
#1398=DERIVED_UNIT((#1395,#1396));
#1399=MEASURE_REPRESENTATION_ITEM('density measure',
POSITIVE_RATIO_MEASURE(7850.),#1398);
#1400=PROPERTY_DEFINITION_REPRESENTATION(#1405,#1402);
#1401=PROPERTY_DEFINITION_REPRESENTATION(#1406,#1403);
#1402=REPRESENTATION('material name',(#1404),#2397);
#1403=REPRESENTATION('density',(#1399),#2397);
#1404=DESCRIPTIVE_REPRESENTATION_ITEM('Steel','Steel');
#1405=PROPERTY_DEFINITION('material property','material name',#2407);
#1406=PROPERTY_DEFINITION('material property','density of part',#2407);
#1407=AXIS2_PLACEMENT_3D('',#2004,#1570,#1571);
#1408=AXIS2_PLACEMENT_3D('',#2005,#1572,#1573);
#1409=AXIS2_PLACEMENT_3D('',#2007,#1574,#1575);
#1410=AXIS2_PLACEMENT_3D('',#2010,#1577,#1578);
#1411=AXIS2_PLACEMENT_3D('',#2011,#1579,#1580);
#1412=AXIS2_PLACEMENT_3D('',#2013,#1581,#1582);
#1413=AXIS2_PLACEMENT_3D('',#2016,#1584,#1585);
#1414=AXIS2_PLACEMENT_3D('',#2017,#1586,#1587);
#1415=AXIS2_PLACEMENT_3D('',#2018,#1588,#1589);
#1416=AXIS2_PLACEMENT_3D('',#2020,#1590,#1591);
#1417=AXIS2_PLACEMENT_3D('',#2023,#1593,#1594);
#1418=AXIS2_PLACEMENT_3D('',#2024,#1595,#1596);
#1419=AXIS2_PLACEMENT_3D('',#2026,#1597,#1598);
#1420=AXIS2_PLACEMENT_3D('',#2028,#1599,#1600);
#1421=AXIS2_PLACEMENT_3D('',#2030,#1601,#1602);
#1422=AXIS2_PLACEMENT_3D('',#2032,#1603,#1604);
#1423=AXIS2_PLACEMENT_3D('',#2034,#1605,#1606);
#1424=AXIS2_PLACEMENT_3D('',#2035,#1607,#1608);
#1425=AXIS2_PLACEMENT_3D('',#2037,#1609,#1610);
#1426=AXIS2_PLACEMENT_3D('',#2039,#1611,#1612);
#1427=AXIS2_PLACEMENT_3D('',#2041,#1613,#1614);
#1428=AXIS2_PLACEMENT_3D('',#2043,#1615,#1616);
#1429=AXIS2_PLACEMENT_3D('',#2045,#1617,#1618);
#1430=AXIS2_PLACEMENT_3D('',#2046,#1619,#1620);
#1431=AXIS2_PLACEMENT_3D('',#2048,#1622,#1623);
#1432=AXIS2_PLACEMENT_3D('',#2050,#1625,#1626);
#1433=AXIS2_PLACEMENT_3D('',#2052,#1628,#1629);
#1434=AXIS2_PLACEMENT_3D('',#2054,#1631,#1632);
#1435=AXIS2_PLACEMENT_3D('',#2056,#1634,#1635);
#1436=AXIS2_PLACEMENT_3D('',#2058,#1636,#1637);
#1437=AXIS2_PLACEMENT_3D('',#2060,#1638,#1639);
#1438=AXIS2_PLACEMENT_3D('',#2061,#1640,#1641);
#1439=AXIS2_PLACEMENT_3D('',#2063,#1642,#1643);
#1440=AXIS2_PLACEMENT_3D('',#2065,#1645,#1646);
#1441=AXIS2_PLACEMENT_3D('',#2069,#1648,#1649);
#1442=AXIS2_PLACEMENT_3D('',#2070,#1650,#1651);
#1443=AXIS2_PLACEMENT_3D('',#2071,#1652,#1653);
#1444=AXIS2_PLACEMENT_3D('',#2073,#1654,#1655);
#1445=AXIS2_PLACEMENT_3D('',#2076,#1657,#1658);
#1446=AXIS2_PLACEMENT_3D('',#2077,#1659,#1660);
#1447=AXIS2_PLACEMENT_3D('',#2079,#1661,#1662);
#1448=AXIS2_PLACEMENT_3D('',#2081,#1664,#1665);
#1449=AXIS2_PLACEMENT_3D('',#2082,#1666,#1667);
#1450=AXIS2_PLACEMENT_3D('',#2083,#1668,#1669);
#1451=AXIS2_PLACEMENT_3D('',#2086,#1670,#1671);
#1452=AXIS2_PLACEMENT_3D('',#2090,#1673,#1674);
#1453=AXIS2_PLACEMENT_3D('',#2092,#1676,#1677);
#1454=AXIS2_PLACEMENT_3D('',#2098,#1681,#1682);
#1455=AXIS2_PLACEMENT_3D('',#2100,#1683,#1684);
#1456=AXIS2_PLACEMENT_3D('',#2102,#1685,#1686);
#1457=AXIS2_PLACEMENT_3D('',#2104,#1688,#1689);
#1458=AXIS2_PLACEMENT_3D('',#2107,#1692,#1693);
#1459=AXIS2_PLACEMENT_3D('',#2108,#1694,#1695);
#1460=AXIS2_PLACEMENT_3D('',#2109,#1696,#1697);
#1461=AXIS2_PLACEMENT_3D('',#2112,#1698,#1699);
#1462=AXIS2_PLACEMENT_3D('',#2116,#1701,#1702);
#1463=AXIS2_PLACEMENT_3D('',#2118,#1704,#1705);
#1464=AXIS2_PLACEMENT_3D('',#2124,#1709,#1710);
#1465=AXIS2_PLACEMENT_3D('',#2126,#1711,#1712);
#1466=AXIS2_PLACEMENT_3D('',#2128,#1713,#1714);
#1467=AXIS2_PLACEMENT_3D('',#2130,#1716,#1717);
#1468=AXIS2_PLACEMENT_3D('',#2133,#1720,#1721);
#1469=AXIS2_PLACEMENT_3D('',#2134,#1722,#1723);
#1470=AXIS2_PLACEMENT_3D('',#2135,#1724,#1725);
#1471=AXIS2_PLACEMENT_3D('',#2138,#1726,#1727);
#1472=AXIS2_PLACEMENT_3D('',#2142,#1729,#1730);
#1473=AXIS2_PLACEMENT_3D('',#2144,#1732,#1733);
#1474=AXIS2_PLACEMENT_3D('',#2150,#1737,#1738);
#1475=AXIS2_PLACEMENT_3D('',#2152,#1739,#1740);
#1476=AXIS2_PLACEMENT_3D('',#2154,#1741,#1742);
#1477=AXIS2_PLACEMENT_3D('',#2156,#1744,#1745);
#1478=AXIS2_PLACEMENT_3D('',#2159,#1748,#1749);
#1479=AXIS2_PLACEMENT_3D('',#2160,#1750,#1751);
#1480=AXIS2_PLACEMENT_3D('',#2161,#1752,#1753);
#1481=AXIS2_PLACEMENT_3D('',#2164,#1754,#1755);
#1482=AXIS2_PLACEMENT_3D('',#2168,#1757,#1758);
#1483=AXIS2_PLACEMENT_3D('',#2170,#1760,#1761);
#1484=AXIS2_PLACEMENT_3D('',#2176,#1765,#1766);
#1485=AXIS2_PLACEMENT_3D('',#2178,#1767,#1768);
#1486=AXIS2_PLACEMENT_3D('',#2180,#1769,#1770);
#1487=AXIS2_PLACEMENT_3D('',#2182,#1772,#1773);
#1488=AXIS2_PLACEMENT_3D('',#2185,#1776,#1777);
#1489=AXIS2_PLACEMENT_3D('',#2186,#1778,#1779);
#1490=AXIS2_PLACEMENT_3D('',#2187,#1780,#1781);
#1491=AXIS2_PLACEMENT_3D('',#2190,#1782,#1783);
#1492=AXIS2_PLACEMENT_3D('',#2194,#1785,#1786);
#1493=AXIS2_PLACEMENT_3D('',#2196,#1788,#1789);
#1494=AXIS2_PLACEMENT_3D('',#2202,#1793,#1794);
#1495=AXIS2_PLACEMENT_3D('',#2204,#1795,#1796);
#1496=AXIS2_PLACEMENT_3D('',#2206,#1797,#1798);
#1497=AXIS2_PLACEMENT_3D('',#2208,#1800,#1801);
#1498=AXIS2_PLACEMENT_3D('',#2211,#1804,#1805);
#1499=AXIS2_PLACEMENT_3D('',#2212,#1806,#1807);
#1500=AXIS2_PLACEMENT_3D('',#2213,#1808,#1809);
#1501=AXIS2_PLACEMENT_3D('',#2216,#1810,#1811);
#1502=AXIS2_PLACEMENT_3D('',#2220,#1813,#1814);
#1503=AXIS2_PLACEMENT_3D('',#2222,#1816,#1817);
#1504=AXIS2_PLACEMENT_3D('',#2228,#1821,#1822);
#1505=AXIS2_PLACEMENT_3D('',#2230,#1823,#1824);
#1506=AXIS2_PLACEMENT_3D('',#2232,#1825,#1826);
#1507=AXIS2_PLACEMENT_3D('',#2234,#1828,#1829);
#1508=AXIS2_PLACEMENT_3D('',#2237,#1832,#1833);
#1509=AXIS2_PLACEMENT_3D('',#2238,#1834,#1835);
#1510=AXIS2_PLACEMENT_3D('',#2239,#1836,#1837);
#1511=AXIS2_PLACEMENT_3D('',#2242,#1838,#1839);
#1512=AXIS2_PLACEMENT_3D('',#2246,#1841,#1842);
#1513=AXIS2_PLACEMENT_3D('',#2248,#1844,#1845);
#1514=AXIS2_PLACEMENT_3D('',#2254,#1849,#1850);
#1515=AXIS2_PLACEMENT_3D('',#2256,#1851,#1852);
#1516=AXIS2_PLACEMENT_3D('',#2258,#1853,#1854);
#1517=AXIS2_PLACEMENT_3D('',#2260,#1856,#1857);
#1518=AXIS2_PLACEMENT_3D('',#2263,#1860,#1861);
#1519=AXIS2_PLACEMENT_3D('',#2264,#1862,#1863);
#1520=AXIS2_PLACEMENT_3D('',#2265,#1864,#1865);
#1521=AXIS2_PLACEMENT_3D('',#2268,#1866,#1867);
#1522=AXIS2_PLACEMENT_3D('',#2272,#1869,#1870);
#1523=AXIS2_PLACEMENT_3D('',#2274,#1872,#1873);
#1524=AXIS2_PLACEMENT_3D('',#2280,#1877,#1878);
#1525=AXIS2_PLACEMENT_3D('',#2282,#1879,#1880);
#1526=AXIS2_PLACEMENT_3D('',#2284,#1881,#1882);
#1527=AXIS2_PLACEMENT_3D('',#2286,#1884,#1885);
#1528=AXIS2_PLACEMENT_3D('',#2289,#1888,#1889);
#1529=AXIS2_PLACEMENT_3D('',#2290,#1890,#1891);
#1530=AXIS2_PLACEMENT_3D('',#2291,#1892,#1893);
#1531=AXIS2_PLACEMENT_3D('',#2294,#1894,#1895);
#1532=AXIS2_PLACEMENT_3D('',#2298,#1897,#1898);
#1533=AXIS2_PLACEMENT_3D('',#2300,#1900,#1901);
#1534=AXIS2_PLACEMENT_3D('',#2306,#1905,#1906);
#1535=AXIS2_PLACEMENT_3D('',#2308,#1907,#1908);
#1536=AXIS2_PLACEMENT_3D('',#2310,#1909,#1910);
#1537=AXIS2_PLACEMENT_3D('',#2312,#1912,#1913);
#1538=AXIS2_PLACEMENT_3D('',#2315,#1916,#1917);
#1539=AXIS2_PLACEMENT_3D('',#2316,#1918,#1919);
#1540=AXIS2_PLACEMENT_3D('',#2317,#1920,#1921);
#1541=AXIS2_PLACEMENT_3D('',#2320,#1922,#1923);
#1542=AXIS2_PLACEMENT_3D('',#2324,#1925,#1926);
#1543=AXIS2_PLACEMENT_3D('',#2326,#1928,#1929);
#1544=AXIS2_PLACEMENT_3D('',#2332,#1933,#1934);
#1545=AXIS2_PLACEMENT_3D('',#2334,#1935,#1936);
#1546=AXIS2_PLACEMENT_3D('',#2336,#1937,#1938);
#1547=AXIS2_PLACEMENT_3D('',#2338,#1940,#1941);
#1548=AXIS2_PLACEMENT_3D('',#2341,#1944,#1945);
#1549=AXIS2_PLACEMENT_3D('',#2342,#1946,#1947);
#1550=AXIS2_PLACEMENT_3D('',#2343,#1948,#1949);
#1551=AXIS2_PLACEMENT_3D('',#2346,#1950,#1951);
#1552=AXIS2_PLACEMENT_3D('',#2350,#1953,#1954);
#1553=AXIS2_PLACEMENT_3D('',#2352,#1956,#1957);
#1554=AXIS2_PLACEMENT_3D('',#2358,#1961,#1962);
#1555=AXIS2_PLACEMENT_3D('',#2360,#1963,#1964);
#1556=AXIS2_PLACEMENT_3D('',#2362,#1965,#1966);
#1557=AXIS2_PLACEMENT_3D('',#2364,#1968,#1969);
#1558=AXIS2_PLACEMENT_3D('',#2367,#1972,#1973);
#1559=AXIS2_PLACEMENT_3D('',#2368,#1974,#1975);
#1560=AXIS2_PLACEMENT_3D('',#2369,#1976,#1977);
#1561=AXIS2_PLACEMENT_3D('',#2372,#1978,#1979);
#1562=AXIS2_PLACEMENT_3D('',#2376,#1981,#1982);
#1563=AXIS2_PLACEMENT_3D('',#2378,#1984,#1985);
#1564=AXIS2_PLACEMENT_3D('',#2384,#1989,#1990);
#1565=AXIS2_PLACEMENT_3D('',#2386,#1991,#1992);
#1566=AXIS2_PLACEMENT_3D('',#2388,#1993,#1994);
#1567=AXIS2_PLACEMENT_3D('',#2390,#1996,#1997);
#1568=AXIS2_PLACEMENT_3D('',#2393,#2000,#2001);
#1569=AXIS2_PLACEMENT_3D('',#2394,#2002,#2003);
#1570=DIRECTION('axis',(0.,0.,1.));
#1571=DIRECTION('refdir',(1.,0.,0.));
#1572=DIRECTION('center_axis',(0.,0.,1.));
#1573=DIRECTION('ref_axis',(1.,0.,0.));
#1574=DIRECTION('center_axis',(0.,0.,-1.));
#1575=DIRECTION('ref_axis',(1.,0.,0.));
#1576=DIRECTION('',(0.,0.,-1.));
#1577=DIRECTION('center_axis',(0.,0.,1.));
#1578=DIRECTION('ref_axis',(1.,0.,0.));
#1579=DIRECTION('center_axis',(0.,0.,1.));
#1580=DIRECTION('ref_axis',(1.,0.,0.));
#1581=DIRECTION('center_axis',(0.,0.,1.));
#1582=DIRECTION('ref_axis',(1.,0.,0.));
#1583=DIRECTION('',(0.,0.,-1.));
#1584=DIRECTION('center_axis',(0.,0.,1.));
#1585=DIRECTION('ref_axis',(1.,0.,0.));
#1586=DIRECTION('center_axis',(0.,0.,1.));
#1587=DIRECTION('ref_axis',(1.,0.,0.));
#1588=DIRECTION('center_axis',(0.,0.,1.));
#1589=DIRECTION('ref_axis',(1.,0.,0.));
#1590=DIRECTION('center_axis',(0.,0.,-1.));
#1591=DIRECTION('ref_axis',(1.,0.,0.));
#1592=DIRECTION('',(0.,0.,-1.));
#1593=DIRECTION('center_axis',(0.,0.,-1.));
#1594=DIRECTION('ref_axis',(1.,0.,0.));
#1595=DIRECTION('center_axis',(0.,0.,1.));
#1596=DIRECTION('ref_axis',(1.,0.,0.));
#1597=DIRECTION('center_axis',(0.,0.,-1.));
#1598=DIRECTION('ref_axis',(0.499999999999999,-0.866025403784439,0.));
#1599=DIRECTION('center_axis',(0.,0.,-1.));
#1600=DIRECTION('ref_axis',(-0.5,-0.866025403784438,0.));
#1601=DIRECTION('center_axis',(0.,0.,-1.));
#1602=DIRECTION('ref_axis',(-1.,1.22464679914735E-16,0.));
#1603=DIRECTION('center_axis',(0.,0.,-1.));
#1604=DIRECTION('ref_axis',(-0.5,0.866025403784439,0.));
#1605=DIRECTION('center_axis',(0.,0.,-1.));
#1606=DIRECTION('ref_axis',(0.5,0.866025403784439,0.));
#1607=DIRECTION('center_axis',(0.,0.,1.));
#1608=DIRECTION('ref_axis',(1.,0.,0.));
#1609=DIRECTION('center_axis',(0.,0.,-1.));
#1610=DIRECTION('ref_axis',(0.499999999999999,-0.866025403784439,0.));
#1611=DIRECTION('center_axis',(0.,0.,-1.));
#1612=DIRECTION('ref_axis',(-0.5,-0.866025403784438,0.));
#1613=DIRECTION('center_axis',(0.,0.,-1.));
#1614=DIRECTION('ref_axis',(-1.,1.22464679914735E-16,0.));
#1615=DIRECTION('center_axis',(0.,0.,-1.));
#1616=DIRECTION('ref_axis',(-0.5,0.866025403784439,0.));
#1617=DIRECTION('center_axis',(0.,0.,-1.));
#1618=DIRECTION('ref_axis',(0.5,0.866025403784439,0.));
#1619=DIRECTION('center_axis',(0.,0.,1.));
#1620=DIRECTION('ref_axis',(0.5,0.866025403784439,0.));
#1621=DIRECTION('',(0.,0.,-1.));
#1622=DIRECTION('center_axis',(0.,0.,1.));
#1623=DIRECTION('ref_axis',(-0.5,0.866025403784439,0.));
#1624=DIRECTION('',(0.,0.,-1.));
#1625=DIRECTION('center_axis',(0.,0.,1.));
#1626=DIRECTION('ref_axis',(-1.,1.22464679914735E-16,0.));
#1627=DIRECTION('',(0.,0.,-1.));
#1628=DIRECTION('center_axis',(0.,0.,1.));
#1629=DIRECTION('ref_axis',(-0.5,-0.866025403784438,0.));
#1630=DIRECTION('',(0.,0.,-1.));
#1631=DIRECTION('center_axis',(0.,0.,1.));
#1632=DIRECTION('ref_axis',(0.499999999999999,-0.866025403784439,0.));
#1633=DIRECTION('',(0.,0.,-1.));
#1634=DIRECTION('center_axis',(0.,0.,1.));
#1635=DIRECTION('ref_axis',(1.,0.,0.));
#1636=DIRECTION('center_axis',(0.,0.,-1.));
#1637=DIRECTION('ref_axis',(1.,0.,0.));
#1638=DIRECTION('center_axis',(0.,0.,-1.));
#1639=DIRECTION('ref_axis',(1.,0.,0.));
#1640=DIRECTION('center_axis',(0.,0.,-1.));
#1641=DIRECTION('ref_axis',(0.,1.,0.));
#1642=DIRECTION('center_axis',(0.,0.,-1.));
#1643=DIRECTION('ref_axis',(1.,0.,0.));
#1644=DIRECTION('',(0.,0.,1.));
#1645=DIRECTION('center_axis',(0.,0.,-1.));
#1646=DIRECTION('ref_axis',(0.,1.,0.));
#1647=DIRECTION('',(8.65956056235493E-17,0.707106781186547,0.707106781186547));
#1648=DIRECTION('center_axis',(0.,0.,1.));
#1649=DIRECTION('ref_axis',(1.,0.,0.));
#1650=DIRECTION('center_axis',(0.,0.,1.));
#1651=DIRECTION('ref_axis',(1.,0.,0.));
#1652=DIRECTION('center_axis',(0.,0.,1.));
#1653=DIRECTION('ref_axis',(1.,0.,0.));
#1654=DIRECTION('center_axis',(0.,0.,-1.));
#1655=DIRECTION('ref_axis',(1.,0.,0.));
#1656=DIRECTION('',(0.,0.,-1.));
#1657=DIRECTION('center_axis',(0.,0.,-1.));
#1658=DIRECTION('ref_axis',(1.,0.,0.));
#1659=DIRECTION('center_axis',(0.,0.,1.));
#1660=DIRECTION('ref_axis',(1.,0.,0.));
#1661=DIRECTION('center_axis',(0.,0.,1.));
#1662=DIRECTION('ref_axis',(1.,0.,0.));
#1663=DIRECTION('',(0.,0.,-1.));
#1664=DIRECTION('center_axis',(0.,0.,1.));
#1665=DIRECTION('ref_axis',(1.,0.,0.));
#1666=DIRECTION('center_axis',(0.,0.,1.));
#1667=DIRECTION('ref_axis',(1.,0.,0.));
#1668=DIRECTION('center_axis',(0.,0.,1.));
#1669=DIRECTION('ref_axis',(1.,0.,0.));
#1670=DIRECTION('center_axis',(0.,0.,1.));
#1671=DIRECTION('ref_axis',(1.,0.,0.));
#1672=DIRECTION('',(0.,0.,1.));
#1673=DIRECTION('center_axis',(0.,0.,-1.));
#1674=DIRECTION('ref_axis',(1.,0.,0.));
#1675=DIRECTION('',(0.,0.,1.));
#1676=DIRECTION('center_axis',(-0.996194698091746,-0.0871557427476583,0.));
#1677=DIRECTION('ref_axis',(0.0871557427476582,-0.996194698091746,0.));
#1678=DIRECTION('',(-0.0871557427476582,0.996194698091746,0.));
#1679=DIRECTION('',(0.0871557427476582,-0.996194698091746,0.));
#1680=DIRECTION('',(0.,0.,1.));
#1681=DIRECTION('center_axis',(0.,0.,1.));
#1682=DIRECTION('ref_axis',(1.,0.,0.));
#1683=DIRECTION('center_axis',(0.,0.,1.));
#1684=DIRECTION('ref_axis',(1.,0.,0.));
#1685=DIRECTION('center_axis',(0.,0.,1.));
#1686=DIRECTION('ref_axis',(1.,0.,0.));
#1687=DIRECTION('',(0.,0.,1.));
#1688=DIRECTION('center_axis',(0.996194698091746,-0.0871557427476581,0.));
#1689=DIRECTION('ref_axis',(0.0871557427476581,0.996194698091746,0.));
#1690=DIRECTION('',(0.0871557427476581,0.996194698091746,0.));
#1691=DIRECTION('',(0.0871557427476581,0.996194698091746,0.));
#1692=DIRECTION('center_axis',(0.,0.,1.));
#1693=DIRECTION('ref_axis',(1.,0.,0.));
#1694=DIRECTION('center_axis',(0.,0.,1.));
#1695=DIRECTION('ref_axis',(1.,0.,0.));
#1696=DIRECTION('center_axis',(0.,0.,1.));
#1697=DIRECTION('ref_axis',(0.866025403784439,0.5,0.));
#1698=DIRECTION('center_axis',(0.,0.,1.));
#1699=DIRECTION('ref_axis',(0.866025403784439,0.5,0.));
#1700=DIRECTION('',(0.,0.,1.));
#1701=DIRECTION('center_axis',(0.,0.,-1.));
#1702=DIRECTION('ref_axis',(0.866025403784439,0.5,0.));
#1703=DIRECTION('',(0.,0.,1.));
#1704=DIRECTION('center_axis',(-0.819152044288992,-0.573576436351046,0.));
#1705=DIRECTION('ref_axis',(0.573576436351046,-0.819152044288992,0.));
#1706=DIRECTION('',(-0.573576436351046,0.819152044288992,0.));
#1707=DIRECTION('',(0.573576436351046,-0.819152044288992,0.));
#1708=DIRECTION('',(0.,0.,1.));
#1709=DIRECTION('center_axis',(0.,0.,1.));
#1710=DIRECTION('ref_axis',(0.866025403784439,0.5,0.));
#1711=DIRECTION('center_axis',(0.,0.,1.));
#1712=DIRECTION('ref_axis',(0.866025403784439,0.5,0.));
#1713=DIRECTION('center_axis',(0.,0.,1.));
#1714=DIRECTION('ref_axis',(0.866025403784439,0.5,0.));
#1715=DIRECTION('',(0.,0.,1.));
#1716=DIRECTION('center_axis',(0.90630778703665,0.422618261740699,0.));
#1717=DIRECTION('ref_axis',(-0.422618261740699,0.90630778703665,0.));
#1718=DIRECTION('',(-0.422618261740699,0.90630778703665,0.));
#1719=DIRECTION('',(-0.422618261740699,0.90630778703665,0.));
#1720=DIRECTION('center_axis',(0.,0.,1.));
#1721=DIRECTION('ref_axis',(0.866025403784439,0.5,0.));
#1722=DIRECTION('center_axis',(0.,0.,1.));
#1723=DIRECTION('ref_axis',(0.866025403784439,0.5,0.));
#1724=DIRECTION('center_axis',(0.,0.,1.));
#1725=DIRECTION('ref_axis',(0.5,0.866025403784439,0.));
#1726=DIRECTION('center_axis',(0.,0.,1.));
#1727=DIRECTION('ref_axis',(0.5,0.866025403784439,0.));
#1728=DIRECTION('',(0.,0.,1.));
#1729=DIRECTION('center_axis',(0.,0.,-1.));
#1730=DIRECTION('ref_axis',(0.5,0.866025403784439,0.));
#1731=DIRECTION('',(0.,0.,1.));
#1732=DIRECTION('center_axis',(-0.422618261740699,-0.90630778703665,0.));
#1733=DIRECTION('ref_axis',(0.90630778703665,-0.422618261740699,0.));
#1734=DIRECTION('',(-0.90630778703665,0.422618261740699,0.));
#1735=DIRECTION('',(0.90630778703665,-0.422618261740699,0.));
#1736=DIRECTION('',(0.,0.,1.));
#1737=DIRECTION('center_axis',(0.,0.,1.));
#1738=DIRECTION('ref_axis',(0.5,0.866025403784439,0.));
#1739=DIRECTION('center_axis',(0.,0.,1.));
#1740=DIRECTION('ref_axis',(0.5,0.866025403784439,0.));
#1741=DIRECTION('center_axis',(0.,0.,1.));
#1742=DIRECTION('ref_axis',(0.5,0.866025403784439,0.));
#1743=DIRECTION('',(0.,0.,1.));
#1744=DIRECTION('center_axis',(0.573576436351046,0.819152044288992,0.));
#1745=DIRECTION('ref_axis',(-0.819152044288992,0.573576436351046,0.));
#1746=DIRECTION('',(-0.819152044288992,0.573576436351046,0.));
#1747=DIRECTION('',(-0.819152044288992,0.573576436351046,0.));
#1748=DIRECTION('center_axis',(0.,0.,1.));
#1749=DIRECTION('ref_axis',(0.5,0.866025403784439,0.));
#1750=DIRECTION('center_axis',(0.,0.,1.));
#1751=DIRECTION('ref_axis',(0.5,0.866025403784439,0.));
#1752=DIRECTION('center_axis',(0.,0.,1.));
#1753=DIRECTION('ref_axis',(6.12323399573677E-17,1.,0.));
#1754=DIRECTION('center_axis',(0.,0.,1.));
#1755=DIRECTION('ref_axis',(6.12323399573677E-17,1.,0.));
#1756=DIRECTION('',(0.,0.,1.));
#1757=DIRECTION('center_axis',(0.,0.,-1.));
#1758=DIRECTION('ref_axis',(6.12323399573677E-17,1.,0.));
#1759=DIRECTION('',(0.,0.,1.));
#1760=DIRECTION('center_axis',(0.0871557427476582,-0.996194698091746,0.));
#1761=DIRECTION('ref_axis',(0.996194698091746,0.0871557427476582,0.));
#1762=DIRECTION('',(-0.996194698091746,-0.0871557427476582,0.));
#1763=DIRECTION('',(0.996194698091746,0.0871557427476582,0.));
#1764=DIRECTION('',(0.,0.,1.));
#1765=DIRECTION('center_axis',(0.,0.,1.));
#1766=DIRECTION('ref_axis',(6.12323399573677E-17,1.,0.));
#1767=DIRECTION('center_axis',(0.,0.,1.));
#1768=DIRECTION('ref_axis',(6.12323399573677E-17,1.,0.));
#1769=DIRECTION('center_axis',(0.,0.,1.));
#1770=DIRECTION('ref_axis',(6.12323399573677E-17,1.,0.));
#1771=DIRECTION('',(0.,0.,1.));
#1772=DIRECTION('center_axis',(0.0871557427476582,0.996194698091746,0.));
#1773=DIRECTION('ref_axis',(-0.996194698091746,0.0871557427476582,0.));
#1774=DIRECTION('',(-0.996194698091746,0.0871557427476582,0.));
#1775=DIRECTION('',(-0.996194698091746,0.0871557427476582,0.));
#1776=DIRECTION('center_axis',(0.,0.,1.));
#1777=DIRECTION('ref_axis',(6.12323399573677E-17,1.,0.));
#1778=DIRECTION('center_axis',(0.,0.,1.));
#1779=DIRECTION('ref_axis',(6.12323399573677E-17,1.,0.));
#1780=DIRECTION('center_axis',(0.,0.,1.));
#1781=DIRECTION('ref_axis',(-0.5,0.866025403784439,0.));
#1782=DIRECTION('center_axis',(0.,0.,1.));
#1783=DIRECTION('ref_axis',(-0.5,0.866025403784439,0.));
#1784=DIRECTION('',(0.,0.,1.));
#1785=DIRECTION('center_axis',(0.,0.,-1.));
#1786=DIRECTION('ref_axis',(-0.5,0.866025403784439,0.));
#1787=DIRECTION('',(0.,0.,1.));
#1788=DIRECTION('center_axis',(0.573576436351046,-0.819152044288992,0.));
#1789=DIRECTION('ref_axis',(0.819152044288992,0.573576436351046,0.));
#1790=DIRECTION('',(-0.819152044288992,-0.573576436351046,0.));
#1791=DIRECTION('',(0.819152044288992,0.573576436351046,0.));
#1792=DIRECTION('',(0.,0.,1.));
#1793=DIRECTION('center_axis',(0.,0.,1.));
#1794=DIRECTION('ref_axis',(-0.5,0.866025403784439,0.));
#1795=DIRECTION('center_axis',(0.,0.,1.));
#1796=DIRECTION('ref_axis',(-0.5,0.866025403784439,0.));
#1797=DIRECTION('center_axis',(0.,0.,1.));
#1798=DIRECTION('ref_axis',(-0.5,0.866025403784439,0.));
#1799=DIRECTION('',(0.,0.,1.));
#1800=DIRECTION('center_axis',(-0.422618261740699,0.90630778703665,0.));
#1801=DIRECTION('ref_axis',(-0.90630778703665,-0.422618261740699,0.));
#1802=DIRECTION('',(-0.90630778703665,-0.422618261740699,0.));
#1803=DIRECTION('',(-0.90630778703665,-0.422618261740699,0.));
#1804=DIRECTION('center_axis',(0.,0.,1.));
#1805=DIRECTION('ref_axis',(-0.5,0.866025403784439,0.));
#1806=DIRECTION('center_axis',(0.,0.,1.));
#1807=DIRECTION('ref_axis',(-0.5,0.866025403784439,0.));
#1808=DIRECTION('center_axis',(0.,0.,1.));
#1809=DIRECTION('ref_axis',(-0.866025403784438,0.5,0.));
#1810=DIRECTION('center_axis',(0.,0.,1.));
#1811=DIRECTION('ref_axis',(-0.866025403784438,0.5,0.));
#1812=DIRECTION('',(0.,0.,1.));
#1813=DIRECTION('center_axis',(0.,0.,-1.));
#1814=DIRECTION('ref_axis',(-0.866025403784438,0.5,0.));
#1815=DIRECTION('',(0.,0.,1.));
#1816=DIRECTION('center_axis',(0.90630778703665,-0.4226182617407,0.));
#1817=DIRECTION('ref_axis',(0.4226182617407,0.90630778703665,0.));
#1818=DIRECTION('',(-0.4226182617407,-0.90630778703665,0.));
#1819=DIRECTION('',(0.4226182617407,0.90630778703665,0.));
#1820=DIRECTION('',(0.,0.,1.));
#1821=DIRECTION('center_axis',(0.,0.,1.));
#1822=DIRECTION('ref_axis',(-0.866025403784438,0.5,0.));
#1823=DIRECTION('center_axis',(0.,0.,1.));
#1824=DIRECTION('ref_axis',(-0.866025403784438,0.5,0.));
#1825=DIRECTION('center_axis',(0.,0.,1.));
#1826=DIRECTION('ref_axis',(-0.866025403784438,0.5,0.));
#1827=DIRECTION('',(0.,0.,1.));
#1828=DIRECTION('center_axis',(-0.819152044288992,0.573576436351046,0.));
#1829=DIRECTION('ref_axis',(-0.573576436351046,-0.819152044288992,0.));
#1830=DIRECTION('',(-0.573576436351046,-0.819152044288992,0.));
#1831=DIRECTION('',(-0.573576436351046,-0.819152044288992,0.));
#1832=DIRECTION('center_axis',(0.,0.,1.));
#1833=DIRECTION('ref_axis',(-0.866025403784438,0.5,0.));
#1834=DIRECTION('center_axis',(0.,0.,1.));
#1835=DIRECTION('ref_axis',(-0.866025403784438,0.5,0.));
#1836=DIRECTION('center_axis',(0.,0.,1.));
#1837=DIRECTION('ref_axis',(-1.,1.22464679914735E-16,0.));
#1838=DIRECTION('center_axis',(0.,0.,1.));
#1839=DIRECTION('ref_axis',(-1.,1.22464679914735E-16,0.));
#1840=DIRECTION('',(0.,0.,1.));
#1841=DIRECTION('center_axis',(0.,0.,-1.));
#1842=DIRECTION('ref_axis',(-1.,1.22464679914735E-16,0.));
#1843=DIRECTION('',(0.,0.,1.));
#1844=DIRECTION('center_axis',(0.996194698091746,0.0871557427476581,0.));
#1845=DIRECTION('ref_axis',(-0.0871557427476581,0.996194698091746,0.));
#1846=DIRECTION('',(0.0871557427476581,-0.996194698091746,0.));
#1847=DIRECTION('',(-0.0871557427476581,0.996194698091746,0.));
#1848=DIRECTION('',(0.,0.,1.));
#1849=DIRECTION('center_axis',(0.,0.,1.));
#1850=DIRECTION('ref_axis',(-1.,1.22464679914735E-16,0.));
#1851=DIRECTION('center_axis',(0.,0.,1.));
#1852=DIRECTION('ref_axis',(-1.,1.22464679914735E-16,0.));
#1853=DIRECTION('center_axis',(0.,0.,1.));
#1854=DIRECTION('ref_axis',(-1.,1.22464679914735E-16,0.));
#1855=DIRECTION('',(0.,0.,1.));
#1856=DIRECTION('center_axis',(-0.996194698091746,0.0871557427476583,0.));
#1857=DIRECTION('ref_axis',(-0.0871557427476582,-0.996194698091746,0.));
#1858=DIRECTION('',(-0.0871557427476582,-0.996194698091746,0.));
#1859=DIRECTION('',(-0.0871557427476582,-0.996194698091746,0.));
#1860=DIRECTION('center_axis',(0.,0.,1.));
#1861=DIRECTION('ref_axis',(-1.,1.22464679914735E-16,0.));
#1862=DIRECTION('center_axis',(0.,0.,1.));
#1863=DIRECTION('ref_axis',(-1.,1.22464679914735E-16,0.));
#1864=DIRECTION('center_axis',(0.,0.,1.));
#1865=DIRECTION('ref_axis',(-0.866025403784439,-0.5,0.));
#1866=DIRECTION('center_axis',(0.,0.,1.));
#1867=DIRECTION('ref_axis',(-0.866025403784439,-0.5,0.));
#1868=DIRECTION('',(0.,0.,1.));
#1869=DIRECTION('center_axis',(0.,0.,-1.));
#1870=DIRECTION('ref_axis',(-0.866025403784439,-0.5,0.));
#1871=DIRECTION('',(0.,0.,1.));
#1872=DIRECTION('center_axis',(0.819152044288992,0.573576436351046,0.));
#1873=DIRECTION('ref_axis',(-0.573576436351046,0.819152044288992,0.));
#1874=DIRECTION('',(0.573576436351046,-0.819152044288992,0.));
#1875=DIRECTION('',(-0.573576436351046,0.819152044288992,0.));
#1876=DIRECTION('',(0.,0.,1.));
#1877=DIRECTION('center_axis',(0.,0.,1.));
#1878=DIRECTION('ref_axis',(-0.866025403784439,-0.5,0.));
#1879=DIRECTION('center_axis',(0.,0.,1.));
#1880=DIRECTION('ref_axis',(-0.866025403784439,-0.5,0.));
#1881=DIRECTION('center_axis',(0.,0.,1.));
#1882=DIRECTION('ref_axis',(-0.866025403784439,-0.5,0.));
#1883=DIRECTION('',(0.,0.,1.));
#1884=DIRECTION('center_axis',(-0.90630778703665,-0.422618261740699,0.));
#1885=DIRECTION('ref_axis',(0.422618261740699,-0.90630778703665,0.));
#1886=DIRECTION('',(0.422618261740699,-0.90630778703665,0.));
#1887=DIRECTION('',(0.422618261740699,-0.90630778703665,0.));
#1888=DIRECTION('center_axis',(0.,0.,1.));
#1889=DIRECTION('ref_axis',(-0.866025403784439,-0.5,0.));
#1890=DIRECTION('center_axis',(0.,0.,1.));
#1891=DIRECTION('ref_axis',(-0.866025403784439,-0.5,0.));
#1892=DIRECTION('center_axis',(0.,0.,1.));
#1893=DIRECTION('ref_axis',(-0.5,-0.866025403784438,0.));
#1894=DIRECTION('center_axis',(0.,0.,1.));
#1895=DIRECTION('ref_axis',(-0.5,-0.866025403784438,0.));
#1896=DIRECTION('',(0.,0.,1.));
#1897=DIRECTION('center_axis',(0.,0.,-1.));
#1898=DIRECTION('ref_axis',(-0.5,-0.866025403784438,0.));
#1899=DIRECTION('',(0.,0.,1.));
#1900=DIRECTION('center_axis',(0.4226182617407,0.90630778703665,0.));
#1901=DIRECTION('ref_axis',(-0.90630778703665,0.4226182617407,0.));
#1902=DIRECTION('',(0.90630778703665,-0.4226182617407,0.));
#1903=DIRECTION('',(-0.90630778703665,0.4226182617407,0.));
#1904=DIRECTION('',(0.,0.,1.));
#1905=DIRECTION('center_axis',(0.,0.,1.));
#1906=DIRECTION('ref_axis',(-0.5,-0.866025403784438,0.));
#1907=DIRECTION('center_axis',(0.,0.,1.));
#1908=DIRECTION('ref_axis',(-0.5,-0.866025403784438,0.));
#1909=DIRECTION('center_axis',(0.,0.,1.));
#1910=DIRECTION('ref_axis',(-0.5,-0.866025403784438,0.));
#1911=DIRECTION('',(0.,0.,1.));
#1912=DIRECTION('center_axis',(-0.573576436351046,-0.819152044288991,0.));
#1913=DIRECTION('ref_axis',(0.819152044288992,-0.573576436351046,0.));
#1914=DIRECTION('',(0.819152044288992,-0.573576436351046,0.));
#1915=DIRECTION('',(0.819152044288992,-0.573576436351046,0.));
#1916=DIRECTION('center_axis',(0.,0.,1.));
#1917=DIRECTION('ref_axis',(-0.5,-0.866025403784438,0.));
#1918=DIRECTION('center_axis',(0.,0.,1.));
#1919=DIRECTION('ref_axis',(-0.5,-0.866025403784438,0.));
#1920=DIRECTION('center_axis',(0.,0.,1.));
#1921=DIRECTION('ref_axis',(-1.83697019872103E-16,-1.,0.));
#1922=DIRECTION('center_axis',(0.,0.,1.));
#1923=DIRECTION('ref_axis',(-1.83697019872103E-16,-1.,0.));
#1924=DIRECTION('',(0.,0.,1.));
#1925=DIRECTION('center_axis',(0.,0.,-1.));
#1926=DIRECTION('ref_axis',(-1.83697019872103E-16,-1.,0.));
#1927=DIRECTION('',(0.,0.,1.));
#1928=DIRECTION('center_axis',(-0.0871557427476581,0.996194698091746,0.));
#1929=DIRECTION('ref_axis',(-0.996194698091746,-0.0871557427476581,0.));
#1930=DIRECTION('',(0.996194698091746,0.0871557427476581,0.));
#1931=DIRECTION('',(-0.996194698091746,-0.0871557427476581,0.));
#1932=DIRECTION('',(0.,0.,1.));
#1933=DIRECTION('center_axis',(0.,0.,1.));
#1934=DIRECTION('ref_axis',(-1.83697019872103E-16,-1.,0.));
#1935=DIRECTION('center_axis',(0.,0.,1.));
#1936=DIRECTION('ref_axis',(-1.83697019872103E-16,-1.,0.));
#1937=DIRECTION('center_axis',(0.,0.,1.));
#1938=DIRECTION('ref_axis',(-1.83697019872103E-16,-1.,0.));
#1939=DIRECTION('',(0.,0.,1.));
#1940=DIRECTION('center_axis',(-0.0871557427476583,-0.996194698091746,0.));
#1941=DIRECTION('ref_axis',(0.996194698091746,-0.0871557427476583,0.));
#1942=DIRECTION('',(0.996194698091746,-0.0871557427476583,0.));
#1943=DIRECTION('',(0.996194698091746,-0.0871557427476583,0.));
#1944=DIRECTION('center_axis',(0.,0.,1.));
#1945=DIRECTION('ref_axis',(-1.83697019872103E-16,-1.,0.));
#1946=DIRECTION('center_axis',(0.,0.,1.));
#1947=DIRECTION('ref_axis',(-1.83697019872103E-16,-1.,0.));
#1948=DIRECTION('center_axis',(0.,0.,1.));
#1949=DIRECTION('ref_axis',(0.499999999999999,-0.866025403784439,0.));
#1950=DIRECTION('center_axis',(0.,0.,1.));
#1951=DIRECTION('ref_axis',(0.499999999999999,-0.866025403784439,0.));
#1952=DIRECTION('',(0.,0.,1.));
#1953=DIRECTION('center_axis',(0.,0.,-1.));
#1954=DIRECTION('ref_axis',(0.499999999999999,-0.866025403784439,0.));
#1955=DIRECTION('',(0.,0.,1.));
#1956=DIRECTION('center_axis',(-0.573576436351045,0.819152044288992,0.));
#1957=DIRECTION('ref_axis',(-0.819152044288992,-0.573576436351045,0.));
#1958=DIRECTION('',(0.819152044288992,0.573576436351045,0.));
#1959=DIRECTION('',(-0.819152044288992,-0.573576436351045,0.));
#1960=DIRECTION('',(0.,0.,1.));
#1961=DIRECTION('center_axis',(0.,0.,1.));
#1962=DIRECTION('ref_axis',(0.499999999999999,-0.866025403784439,0.));
#1963=DIRECTION('center_axis',(0.,0.,1.));
#1964=DIRECTION('ref_axis',(0.499999999999999,-0.866025403784439,0.));
#1965=DIRECTION('center_axis',(0.,0.,1.));
#1966=DIRECTION('ref_axis',(0.499999999999999,-0.866025403784439,0.));
#1967=DIRECTION('',(0.,0.,1.));
#1968=DIRECTION('center_axis',(0.422618261740699,-0.90630778703665,0.));
#1969=DIRECTION('ref_axis',(0.90630778703665,0.422618261740699,0.));
#1970=DIRECTION('',(0.90630778703665,0.422618261740699,0.));
#1971=DIRECTION('',(0.90630778703665,0.422618261740699,0.));
#1972=DIRECTION('center_axis',(0.,0.,1.));
#1973=DIRECTION('ref_axis',(0.499999999999999,-0.866025403784439,0.));
#1974=DIRECTION('center_axis',(0.,0.,1.));
#1975=DIRECTION('ref_axis',(0.499999999999999,-0.866025403784439,0.));
#1976=DIRECTION('center_axis',(0.,0.,1.));
#1977=DIRECTION('ref_axis',(0.866025403784438,-0.5,0.));
#1978=DIRECTION('center_axis',(0.,0.,1.));
#1979=DIRECTION('ref_axis',(0.866025403784438,-0.5,0.));
#1980=DIRECTION('',(0.,0.,1.));
#1981=DIRECTION('center_axis',(0.,0.,-1.));
#1982=DIRECTION('ref_axis',(0.866025403784438,-0.5,0.));
#1983=DIRECTION('',(0.,0.,1.));
#1984=DIRECTION('center_axis',(-0.90630778703665,0.4226182617407,0.));
#1985=DIRECTION('ref_axis',(-0.4226182617407,-0.90630778703665,0.));
#1986=DIRECTION('',(0.4226182617407,0.90630778703665,0.));
#1987=DIRECTION('',(-0.4226182617407,-0.90630778703665,0.));
#1988=DIRECTION('',(0.,0.,1.));
#1989=DIRECTION('center_axis',(0.,0.,1.));
#1990=DIRECTION('ref_axis',(0.866025403784438,-0.5,0.));
#1991=DIRECTION('center_axis',(0.,0.,1.));
#1992=DIRECTION('ref_axis',(0.866025403784438,-0.5,0.));
#1993=DIRECTION('center_axis',(0.,0.,1.));
#1994=DIRECTION('ref_axis',(0.866025403784438,-0.5,0.));
#1995=DIRECTION('',(0.,0.,1.));
#1996=DIRECTION('center_axis',(0.819152044288991,-0.573576436351046,0.));
#1997=DIRECTION('ref_axis',(0.573576436351046,0.819152044288992,0.));
#1998=DIRECTION('',(0.573576436351046,0.819152044288992,0.));
#1999=DIRECTION('',(0.573576436351046,0.819152044288992,0.));
#2000=DIRECTION('center_axis',(0.,0.,1.));
#2001=DIRECTION('ref_axis',(0.866025403784438,-0.5,0.));
#2002=DIRECTION('center_axis',(0.,0.,1.));
#2003=DIRECTION('ref_axis',(0.866025403784438,-0.5,0.));
#2004=CARTESIAN_POINT('',(0.,0.,0.));
#2005=CARTESIAN_POINT('Origin',(0.,0.,0.));
#2006=CARTESIAN_POINT('',(-16.3,-1.99617428261019E-15,15.));
#2007=CARTESIAN_POINT('Origin',(0.,0.,15.));
#2008=CARTESIAN_POINT('',(-16.3,-1.99493199737333E-15,12.));
#2009=CARTESIAN_POINT('',(-16.3,-1.99617428261019E-15,0.));
#2010=CARTESIAN_POINT('Origin',(0.,0.,12.));
#2011=CARTESIAN_POINT('Origin',(0.,0.,0.));
#2012=CARTESIAN_POINT('',(-18.0000002682209,-2.20436427131282E-15,15.));
#2013=CARTESIAN_POINT('Origin',(0.,0.,15.));
#2014=CARTESIAN_POINT('',(-18.0000002682209,-2.20436427131282E-15,0.));
#2015=CARTESIAN_POINT('',(-18.0000002682209,-2.20436427131282E-15,0.));
#2016=CARTESIAN_POINT('Origin',(0.,0.,0.));
#2017=CARTESIAN_POINT('Origin',(0.,0.,15.));
#2018=CARTESIAN_POINT('Origin',(-11.9999760186138,0.0239906793300426,0.));
#2019=CARTESIAN_POINT('',(-14.1249760186138,0.0239906793300424,12.));
#2020=CARTESIAN_POINT('Origin',(-11.9999760186138,0.0239906793300426,12.));
#2021=CARTESIAN_POINT('',(-14.1249760186138,0.0239906793300424,0.));
#2022=CARTESIAN_POINT('',(-14.1249760186138,0.0239906793300424,0.));
#2023=CARTESIAN_POINT('Origin',(-11.9999760186138,0.0239906793300426,0.));
#2024=CARTESIAN_POINT('Origin',(0.,0.,12.));
#2025=CARTESIAN_POINT('',(-7.04171147155301,12.2445833996305,12.));
#2026=CARTESIAN_POINT('Origin',(-5.97921147155301,10.4042794165886,12.));
#2027=CARTESIAN_POINT('',(7.08326454706075,12.2205927203005,12.));
#2028=CARTESIAN_POINT('Origin',(6.02076454706075,10.3802887372585,12.));
#2029=CARTESIAN_POINT('',(14.1249760186138,-0.0239906793300441,12.));
#2030=CARTESIAN_POINT('Origin',(11.9999760186138,-0.0239906793300441,12.));
#2031=CARTESIAN_POINT('',(7.04171147155302,-12.2445833996305,12.));
#2032=CARTESIAN_POINT('Origin',(5.97921147155302,-10.4042794165886,12.));
#2033=CARTESIAN_POINT('',(-7.08326454706075,-12.2205927203005,12.));
#2034=CARTESIAN_POINT('Origin',(-6.02076454706075,-10.3802887372585,12.));
#2035=CARTESIAN_POINT('Origin',(0.,0.,0.));
#2036=CARTESIAN_POINT('',(-7.04171147155301,12.2445833996305,0.));
#2037=CARTESIAN_POINT('Origin',(-5.97921147155301,10.4042794165886,0.));
#2038=CARTESIAN_POINT('',(7.08326454706075,12.2205927203005,0.));
#2039=CARTESIAN_POINT('Origin',(6.02076454706075,10.3802887372585,0.));
#2040=CARTESIAN_POINT('',(14.1249760186138,-0.0239906793300441,0.));
#2041=CARTESIAN_POINT('Origin',(11.9999760186138,-0.0239906793300441,0.));
#2042=CARTESIAN_POINT('',(7.04171147155302,-12.2445833996305,0.));
#2043=CARTESIAN_POINT('Origin',(5.97921147155302,-10.4042794165886,0.));
#2044=CARTESIAN_POINT('',(-7.08326454706075,-12.2205927203005,0.));
#2045=CARTESIAN_POINT('Origin',(-6.02076454706075,-10.3802887372585,0.));
#2046=CARTESIAN_POINT('Origin',(-6.02076454706075,-10.3802887372585,0.));
#2047=CARTESIAN_POINT('',(-7.08326454706075,-12.2205927203005,0.));
#2048=CARTESIAN_POINT('Origin',(5.97921147155302,-10.4042794165886,0.));
#2049=CARTESIAN_POINT('',(7.04171147155302,-12.2445833996305,0.));
#2050=CARTESIAN_POINT('Origin',(11.9999760186138,-0.0239906793300441,0.));
#2051=CARTESIAN_POINT('',(14.1249760186138,-0.0239906793300441,0.));
#2052=CARTESIAN_POINT('Origin',(6.02076454706075,10.3802887372585,0.));
#2053=CARTESIAN_POINT('',(7.08326454706075,12.2205927203005,0.));
#2054=CARTESIAN_POINT('Origin',(-5.97921147155301,10.4042794165886,0.));
#2055=CARTESIAN_POINT('',(-7.04171147155301,12.2445833996305,0.));
#2056=CARTESIAN_POINT('Origin',(0.,47.5000007078052,2.));
#2057=CARTESIAN_POINT('',(-5.81707238263106E-15,-47.5000007078052,2.));
#2058=CARTESIAN_POINT('Origin',(0.,0.,2.));
#2059=CARTESIAN_POINT('',(-5.50475650894889E-15,-44.9497480643523,2.));
#2060=CARTESIAN_POINT('Origin',(0.,0.,2.));
#2061=CARTESIAN_POINT('Origin',(0.,0.,1.));
#2062=CARTESIAN_POINT('',(-5.81707238263106E-15,-47.5000007078052,0.));
#2063=CARTESIAN_POINT('Origin',(0.,0.,0.));
#2064=CARTESIAN_POINT('',(-5.81707238263106E-15,-47.5000007078052,1.));
#2065=CARTESIAN_POINT('Origin',(0.,0.,4.47487373415292));
#2066=CARTESIAN_POINT('',(-4.89858719658941E-15,-40.,6.94974806435228));
#2067=CARTESIAN_POINT('',(-5.20167188926647E-15,-42.4748743301994,4.47487373415292));
#2068=CARTESIAN_POINT('',(-40.,-4.89858719658941E-15,6.94974806435227));
#2069=CARTESIAN_POINT('Origin',(0.,0.,6.94974806435227));
#2070=CARTESIAN_POINT('Origin',(0.,0.,6.94974806435227));
#2071=CARTESIAN_POINT('Origin',(0.,0.,0.));
#2072=CARTESIAN_POINT('',(-39.0000005811453,-4.77612258784445E-15,12.));
#2073=CARTESIAN_POINT('Origin',(0.,0.,12.));
#2074=CARTESIAN_POINT('',(-39.0000005811453,-4.77612258784445E-15,0.));
#2075=CARTESIAN_POINT('',(-39.0000005811453,-4.77612258784445E-15,0.));
#2076=CARTESIAN_POINT('Origin',(0.,0.,0.));
#2077=CARTESIAN_POINT('Origin',(0.,0.,0.));
#2078=CARTESIAN_POINT('',(-40.,-4.89858719658941E-15,12.));
#2079=CARTESIAN_POINT('Origin',(0.,0.,12.));
#2080=CARTESIAN_POINT('',(-40.,-4.89858719658941E-15,0.));
#2081=CARTESIAN_POINT('Origin',(0.,0.,12.));
#2082=CARTESIAN_POINT('Origin',(0.,0.,0.));
#2083=CARTESIAN_POINT('Origin',(0.,0.,0.));
#2084=CARTESIAN_POINT('',(1.56880339283484,17.9315048328517,0.));
#2085=CARTESIAN_POINT('',(-1.56880339283484,17.9315048328517,0.));
#2086=CARTESIAN_POINT('Origin',(0.,0.,0.));
#2087=CARTESIAN_POINT('',(1.56880339283484,17.9315048328517,12.));
#2088=CARTESIAN_POINT('',(1.56880339283484,17.9315048328517,0.));
#2089=CARTESIAN_POINT('',(-1.56880339283484,17.9315048328517,12.));
#2090=CARTESIAN_POINT('Origin',(0.,0.,12.));
#2091=CARTESIAN_POINT('',(-1.56880339283484,17.9315048328517,0.));
#2092=CARTESIAN_POINT('Origin',(-3.39907401780882,38.8515938045119,0.));
#2093=CARTESIAN_POINT('',(-3.39907401780882,38.8515938045119,0.));
#2094=CARTESIAN_POINT('',(-1.56880339283484,17.9315048328517,0.));
#2095=CARTESIAN_POINT('',(-3.39907401780882,38.8515938045119,12.));
#2096=CARTESIAN_POINT('',(-1.56880339283484,17.9315048328517,12.));
#2097=CARTESIAN_POINT('',(-3.39907401780882,38.8515938045119,0.));
#2098=CARTESIAN_POINT('Origin',(0.,0.,0.));
#2099=CARTESIAN_POINT('',(3.39907401780882,38.8515938045119,0.));
#2100=CARTESIAN_POINT('Origin',(0.,0.,0.));
#2101=CARTESIAN_POINT('',(3.39907401780882,38.8515938045119,12.));
#2102=CARTESIAN_POINT('Origin',(0.,0.,12.));
#2103=CARTESIAN_POINT('',(3.39907401780882,38.8515938045119,0.));
#2104=CARTESIAN_POINT('Origin',(1.56880339283484,17.9315048328517,0.));
#2105=CARTESIAN_POINT('',(1.56880339283484,17.9315048328517,0.));
#2106=CARTESIAN_POINT('',(1.56880339283484,17.9315048328517,12.));
#2107=CARTESIAN_POINT('Origin',(-2.77555756156289E-15,28.4657527069985,
12.));
#2108=CARTESIAN_POINT('Origin',(-2.77555756156289E-15,28.4657527069985,
0.));
#2109=CARTESIAN_POINT('Origin',(0.,0.,0.));
#2110=CARTESIAN_POINT('',(-7.60712882468764,16.3135404097504,0.));
#2111=CARTESIAN_POINT('',(-10.324376008164,14.7447370169156,0.));
#2112=CARTESIAN_POINT('Origin',(0.,0.,0.));
#2113=CARTESIAN_POINT('',(-7.60712882468764,16.3135404097504,12.));
#2114=CARTESIAN_POINT('',(-7.60712882468764,16.3135404097504,0.));
#2115=CARTESIAN_POINT('',(-10.324376008164,14.7447370169156,12.));
#2116=CARTESIAN_POINT('Origin',(0.,0.,12.));
#2117=CARTESIAN_POINT('',(-10.324376008164,14.7447370169156,0.));
#2118=CARTESIAN_POINT('Origin',(-22.369481351022,31.946930203317,0.));
#2119=CARTESIAN_POINT('',(-22.369481351022,31.946930203317,0.));
#2120=CARTESIAN_POINT('',(-10.324376008164,14.7447370169156,0.));
#2121=CARTESIAN_POINT('',(-22.369481351022,31.946930203317,12.));
#2122=CARTESIAN_POINT('',(-10.324376008164,14.7447370169156,12.));
#2123=CARTESIAN_POINT('',(-22.369481351022,31.946930203317,0.));
#2124=CARTESIAN_POINT('Origin',(0.,0.,0.));
#2125=CARTESIAN_POINT('',(-16.4821124534899,35.3460042211259,0.));
#2126=CARTESIAN_POINT('Origin',(0.,0.,0.));
#2127=CARTESIAN_POINT('',(-16.4821124534899,35.3460042211259,12.));
#2128=CARTESIAN_POINT('Origin',(0.,0.,12.));
#2129=CARTESIAN_POINT('',(-16.4821124534899,35.3460042211259,0.));
#2130=CARTESIAN_POINT('Origin',(-7.60712882468764,16.3135404097504,0.));
#2131=CARTESIAN_POINT('',(-7.60712882468764,16.3135404097504,0.));
#2132=CARTESIAN_POINT('',(-7.60712882468764,16.3135404097504,12.));
#2133=CARTESIAN_POINT('Origin',(-14.2328763534992,24.6520649821063,12.));
#2134=CARTESIAN_POINT('Origin',(-14.2328763534992,24.6520649821063,0.));
#2135=CARTESIAN_POINT('Origin',(0.,0.,0.));
#2136=CARTESIAN_POINT('',(-14.7447370169156,10.324376008164,0.));
#2137=CARTESIAN_POINT('',(-16.3135404097504,7.60712882468764,0.));
#2138=CARTESIAN_POINT('Origin',(0.,0.,0.));
#2139=CARTESIAN_POINT('',(-14.7447370169156,10.324376008164,12.));
#2140=CARTESIAN_POINT('',(-14.7447370169156,10.324376008164,0.));
#2141=CARTESIAN_POINT('',(-16.3135404097504,7.60712882468764,12.));
#2142=CARTESIAN_POINT('Origin',(0.,0.,12.));
#2143=CARTESIAN_POINT('',(-16.3135404097504,7.60712882468764,0.));
#2144=CARTESIAN_POINT('Origin',(-35.3460042211259,16.4821124534899,0.));
#2145=CARTESIAN_POINT('',(-35.3460042211259,16.4821124534899,0.));
#2146=CARTESIAN_POINT('',(-16.3135404097504,7.60712882468764,0.));
#2147=CARTESIAN_POINT('',(-35.3460042211259,16.4821124534899,12.));
#2148=CARTESIAN_POINT('',(-16.3135404097504,7.60712882468764,12.));
#2149=CARTESIAN_POINT('',(-35.3460042211259,16.4821124534899,0.));
#2150=CARTESIAN_POINT('Origin',(0.,0.,0.));
#2151=CARTESIAN_POINT('',(-31.946930203317,22.369481351022,0.));
#2152=CARTESIAN_POINT('Origin',(0.,0.,0.));
#2153=CARTESIAN_POINT('',(-31.946930203317,22.369481351022,12.));
#2154=CARTESIAN_POINT('Origin',(0.,0.,12.));
#2155=CARTESIAN_POINT('',(-31.946930203317,22.369481351022,0.));
#2156=CARTESIAN_POINT('Origin',(-14.7447370169156,10.324376008164,0.));
#2157=CARTESIAN_POINT('',(-14.7447370169156,10.324376008164,0.));
#2158=CARTESIAN_POINT('',(-14.7447370169156,10.324376008164,12.));
#2159=CARTESIAN_POINT('Origin',(-24.6520649821063,14.2328763534992,12.));
#2160=CARTESIAN_POINT('Origin',(-24.6520649821063,14.2328763534992,0.));
#2161=CARTESIAN_POINT('Origin',(0.,0.,0.));
#2162=CARTESIAN_POINT('',(-17.9315048328517,1.56880339283484,0.));
#2163=CARTESIAN_POINT('',(-17.9315048328517,-1.56880339283484,0.));
#2164=CARTESIAN_POINT('Origin',(0.,0.,0.));
#2165=CARTESIAN_POINT('',(-17.9315048328517,1.56880339283484,12.));
#2166=CARTESIAN_POINT('',(-17.9315048328517,1.56880339283484,0.));
#2167=CARTESIAN_POINT('',(-17.9315048328517,-1.56880339283484,12.));
#2168=CARTESIAN_POINT('Origin',(0.,0.,12.));
#2169=CARTESIAN_POINT('',(-17.9315048328517,-1.56880339283484,0.));
#2170=CARTESIAN_POINT('Origin',(-38.8515938045119,-3.39907401780882,0.));
#2171=CARTESIAN_POINT('',(-38.8515938045119,-3.39907401780882,0.));
#2172=CARTESIAN_POINT('',(-17.9315048328517,-1.56880339283484,0.));
#2173=CARTESIAN_POINT('',(-38.8515938045119,-3.39907401780882,12.));
#2174=CARTESIAN_POINT('',(-17.9315048328517,-1.56880339283484,12.));
#2175=CARTESIAN_POINT('',(-38.8515938045119,-3.39907401780882,0.));
#2176=CARTESIAN_POINT('Origin',(0.,0.,0.));
#2177=CARTESIAN_POINT('',(-38.8515938045119,3.39907401780882,0.));
#2178=CARTESIAN_POINT('Origin',(0.,0.,0.));
#2179=CARTESIAN_POINT('',(-38.8515938045119,3.39907401780882,12.));
#2180=CARTESIAN_POINT('Origin',(0.,0.,12.));
#2181=CARTESIAN_POINT('',(-38.8515938045119,3.39907401780882,0.));
#2182=CARTESIAN_POINT('Origin',(-17.9315048328517,1.56880339283484,0.));
#2183=CARTESIAN_POINT('',(-17.9315048328517,1.56880339283484,0.));
#2184=CARTESIAN_POINT('',(-17.9315048328517,1.56880339283484,12.));
#2185=CARTESIAN_POINT('Origin',(-28.4657527069985,-1.0325329146656E-15,
12.));
#2186=CARTESIAN_POINT('Origin',(-28.4657527069985,-1.0325329146656E-15,
0.));
#2187=CARTESIAN_POINT('Origin',(0.,0.,0.));
#2188=CARTESIAN_POINT('',(-16.3135404097504,-7.60712882468764,0.));
#2189=CARTESIAN_POINT('',(-14.7447370169156,-10.324376008164,0.));
#2190=CARTESIAN_POINT('Origin',(0.,0.,0.));
#2191=CARTESIAN_POINT('',(-16.3135404097504,-7.60712882468764,12.));
#2192=CARTESIAN_POINT('',(-16.3135404097504,-7.60712882468764,0.));
#2193=CARTESIAN_POINT('',(-14.7447370169156,-10.324376008164,12.));
#2194=CARTESIAN_POINT('Origin',(0.,0.,12.));
#2195=CARTESIAN_POINT('',(-14.7447370169156,-10.324376008164,0.));
#2196=CARTESIAN_POINT('Origin',(-31.946930203317,-22.369481351022,0.));
#2197=CARTESIAN_POINT('',(-31.946930203317,-22.369481351022,0.));
#2198=CARTESIAN_POINT('',(-14.7447370169156,-10.324376008164,0.));
#2199=CARTESIAN_POINT('',(-31.946930203317,-22.369481351022,12.));
#2200=CARTESIAN_POINT('',(-14.7447370169156,-10.324376008164,12.));
#2201=CARTESIAN_POINT('',(-31.946930203317,-22.369481351022,0.));
#2202=CARTESIAN_POINT('Origin',(0.,0.,0.));
#2203=CARTESIAN_POINT('',(-35.3460042211259,-16.4821124534899,0.));
#2204=CARTESIAN_POINT('Origin',(0.,0.,0.));
#2205=CARTESIAN_POINT('',(-35.3460042211259,-16.4821124534899,12.));
#2206=CARTESIAN_POINT('Origin',(0.,0.,12.));
#2207=CARTESIAN_POINT('',(-35.3460042211259,-16.4821124534899,0.));
#2208=CARTESIAN_POINT('Origin',(-16.3135404097504,-7.60712882468764,0.));
#2209=CARTESIAN_POINT('',(-16.3135404097504,-7.60712882468764,0.));
#2210=CARTESIAN_POINT('',(-16.3135404097504,-7.60712882468764,12.));
#2211=CARTESIAN_POINT('Origin',(-24.6520649821063,-14.2328763534992,12.));
#2212=CARTESIAN_POINT('Origin',(-24.6520649821063,-14.2328763534992,0.));
#2213=CARTESIAN_POINT('Origin',(0.,0.,0.));
#2214=CARTESIAN_POINT('',(-10.324376008164,-14.7447370169155,0.));
#2215=CARTESIAN_POINT('',(-7.60712882468764,-16.3135404097504,0.));
#2216=CARTESIAN_POINT('Origin',(0.,0.,0.));
#2217=CARTESIAN_POINT('',(-10.324376008164,-14.7447370169155,12.));
#2218=CARTESIAN_POINT('',(-10.324376008164,-14.7447370169155,0.));
#2219=CARTESIAN_POINT('',(-7.60712882468764,-16.3135404097504,12.));
#2220=CARTESIAN_POINT('Origin',(0.,0.,12.));
#2221=CARTESIAN_POINT('',(-7.60712882468764,-16.3135404097504,0.));
#2222=CARTESIAN_POINT('Origin',(-16.4821124534899,-35.3460042211258,0.));
#2223=CARTESIAN_POINT('',(-16.4821124534899,-35.3460042211258,0.));
#2224=CARTESIAN_POINT('',(-7.60712882468764,-16.3135404097504,0.));
#2225=CARTESIAN_POINT('',(-16.4821124534899,-35.3460042211258,12.));
#2226=CARTESIAN_POINT('',(-7.60712882468764,-16.3135404097504,12.));
#2227=CARTESIAN_POINT('',(-16.4821124534899,-35.3460042211258,0.));
#2228=CARTESIAN_POINT('Origin',(0.,0.,0.));
#2229=CARTESIAN_POINT('',(-22.3694813510221,-31.946930203317,0.));
#2230=CARTESIAN_POINT('Origin',(0.,0.,0.));
#2231=CARTESIAN_POINT('',(-22.3694813510221,-31.946930203317,12.));
#2232=CARTESIAN_POINT('Origin',(0.,0.,12.));
#2233=CARTESIAN_POINT('',(-22.3694813510221,-31.946930203317,0.));
#2234=CARTESIAN_POINT('Origin',(-10.324376008164,-14.7447370169155,0.));
#2235=CARTESIAN_POINT('',(-10.324376008164,-14.7447370169155,0.));
#2236=CARTESIAN_POINT('',(-10.324376008164,-14.7447370169155,12.));
#2237=CARTESIAN_POINT('Origin',(-14.2328763534992,-24.6520649821063,12.));
#2238=CARTESIAN_POINT('Origin',(-14.2328763534992,-24.6520649821063,0.));
#2239=CARTESIAN_POINT('Origin',(0.,0.,0.));
#2240=CARTESIAN_POINT('',(-1.56880339283484,-17.9315048328517,0.));
#2241=CARTESIAN_POINT('',(1.56880339283484,-17.9315048328517,0.));
#2242=CARTESIAN_POINT('Origin',(0.,0.,0.));
#2243=CARTESIAN_POINT('',(-1.56880339283484,-17.9315048328517,12.));
#2244=CARTESIAN_POINT('',(-1.56880339283484,-17.9315048328517,0.));
#2245=CARTESIAN_POINT('',(1.56880339283484,-17.9315048328517,12.));
#2246=CARTESIAN_POINT('Origin',(0.,0.,12.));
#2247=CARTESIAN_POINT('',(1.56880339283484,-17.9315048328517,0.));
#2248=CARTESIAN_POINT('Origin',(3.39907401780882,-38.8515938045119,0.));
#2249=CARTESIAN_POINT('',(3.39907401780882,-38.8515938045119,0.));
#2250=CARTESIAN_POINT('',(1.56880339283484,-17.9315048328517,0.));
#2251=CARTESIAN_POINT('',(3.39907401780882,-38.8515938045119,12.));
#2252=CARTESIAN_POINT('',(1.56880339283484,-17.9315048328517,12.));
#2253=CARTESIAN_POINT('',(3.39907401780882,-38.8515938045119,0.));
#2254=CARTESIAN_POINT('Origin',(0.,0.,0.));
#2255=CARTESIAN_POINT('',(-3.39907401780882,-38.8515938045119,0.));
#2256=CARTESIAN_POINT('Origin',(0.,0.,0.));
#2257=CARTESIAN_POINT('',(-3.39907401780882,-38.8515938045119,12.));
#2258=CARTESIAN_POINT('Origin',(0.,0.,12.));
#2259=CARTESIAN_POINT('',(-3.39907401780882,-38.8515938045119,0.));
#2260=CARTESIAN_POINT('Origin',(-1.56880339283484,-17.9315048328517,0.));
#2261=CARTESIAN_POINT('',(-1.56880339283484,-17.9315048328517,0.));
#2262=CARTESIAN_POINT('',(-1.56880339283484,-17.9315048328517,12.));
#2263=CARTESIAN_POINT('Origin',(-7.10491732231687E-16,-28.4657527069985,
12.));
#2264=CARTESIAN_POINT('Origin',(-7.10491732231687E-16,-28.4657527069985,
0.));
#2265=CARTESIAN_POINT('Origin',(0.,0.,0.));
#2266=CARTESIAN_POINT('',(7.60712882468764,-16.3135404097504,0.));
#2267=CARTESIAN_POINT('',(10.324376008164,-14.7447370169156,0.));
#2268=CARTESIAN_POINT('Origin',(0.,0.,0.));
#2269=CARTESIAN_POINT('',(7.60712882468764,-16.3135404097504,12.));
#2270=CARTESIAN_POINT('',(7.60712882468764,-16.3135404097504,0.));
#2271=CARTESIAN_POINT('',(10.324376008164,-14.7447370169156,12.));
#2272=CARTESIAN_POINT('Origin',(0.,0.,12.));
#2273=CARTESIAN_POINT('',(10.324376008164,-14.7447370169156,0.));
#2274=CARTESIAN_POINT('Origin',(22.369481351022,-31.946930203317,0.));
#2275=CARTESIAN_POINT('',(22.369481351022,-31.946930203317,0.));
#2276=CARTESIAN_POINT('',(10.324376008164,-14.7447370169156,0.));
#2277=CARTESIAN_POINT('',(22.369481351022,-31.946930203317,12.));
#2278=CARTESIAN_POINT('',(10.324376008164,-14.7447370169156,12.));
#2279=CARTESIAN_POINT('',(22.369481351022,-31.946930203317,0.));
#2280=CARTESIAN_POINT('Origin',(0.,0.,0.));
#2281=CARTESIAN_POINT('',(16.4821124534899,-35.3460042211259,0.));
#2282=CARTESIAN_POINT('Origin',(0.,0.,0.));
#2283=CARTESIAN_POINT('',(16.4821124534899,-35.3460042211259,12.));
#2284=CARTESIAN_POINT('Origin',(0.,0.,12.));
#2285=CARTESIAN_POINT('',(16.4821124534899,-35.3460042211259,0.));
#2286=CARTESIAN_POINT('Origin',(7.60712882468764,-16.3135404097504,0.));
#2287=CARTESIAN_POINT('',(7.60712882468764,-16.3135404097504,0.));
#2288=CARTESIAN_POINT('',(7.60712882468764,-16.3135404097504,12.));
#2289=CARTESIAN_POINT('Origin',(14.2328763534992,-24.6520649821063,12.));
#2290=CARTESIAN_POINT('Origin',(14.2328763534992,-24.6520649821063,0.));
#2291=CARTESIAN_POINT('Origin',(0.,0.,0.));
#2292=CARTESIAN_POINT('',(14.7447370169155,-10.324376008164,0.));
#2293=CARTESIAN_POINT('',(16.3135404097504,-7.60712882468765,0.));
#2294=CARTESIAN_POINT('Origin',(0.,0.,0.));
#2295=CARTESIAN_POINT('',(14.7447370169155,-10.324376008164,12.));
#2296=CARTESIAN_POINT('',(14.7447370169155,-10.324376008164,0.));
#2297=CARTESIAN_POINT('',(16.3135404097504,-7.60712882468765,12.));
#2298=CARTESIAN_POINT('Origin',(0.,0.,12.));
#2299=CARTESIAN_POINT('',(16.3135404097504,-7.60712882468765,0.));
#2300=CARTESIAN_POINT('Origin',(35.3460042211258,-16.4821124534899,0.));
#2301=CARTESIAN_POINT('',(35.3460042211258,-16.4821124534899,0.));
#2302=CARTESIAN_POINT('',(16.3135404097504,-7.60712882468765,0.));
#2303=CARTESIAN_POINT('',(35.3460042211258,-16.4821124534899,12.));
#2304=CARTESIAN_POINT('',(16.3135404097504,-7.60712882468765,12.));
#2305=CARTESIAN_POINT('',(35.3460042211258,-16.4821124534899,0.));
#2306=CARTESIAN_POINT('Origin',(0.,0.,0.));
#2307=CARTESIAN_POINT('',(31.946930203317,-22.3694813510221,0.));
#2308=CARTESIAN_POINT('Origin',(0.,0.,0.));
#2309=CARTESIAN_POINT('',(31.946930203317,-22.3694813510221,12.));
#2310=CARTESIAN_POINT('Origin',(0.,0.,12.));
#2311=CARTESIAN_POINT('',(31.946930203317,-22.3694813510221,0.));
#2312=CARTESIAN_POINT('Origin',(14.7447370169155,-10.324376008164,0.));
#2313=CARTESIAN_POINT('',(14.7447370169155,-10.324376008164,0.));
#2314=CARTESIAN_POINT('',(14.7447370169155,-10.324376008164,12.));
#2315=CARTESIAN_POINT('Origin',(24.6520649821063,-14.2328763534992,12.));
#2316=CARTESIAN_POINT('Origin',(24.6520649821063,-14.2328763534992,0.));
#2317=CARTESIAN_POINT('Origin',(0.,0.,0.));
#2318=CARTESIAN_POINT('',(17.9315048328517,-1.56880339283484,0.));
#2319=CARTESIAN_POINT('',(17.9315048328517,1.56880339283484,0.));
#2320=CARTESIAN_POINT('Origin',(0.,0.,0.));
#2321=CARTESIAN_POINT('',(17.9315048328517,-1.56880339283484,12.));
#2322=CARTESIAN_POINT('',(17.9315048328517,-1.56880339283484,0.));
#2323=CARTESIAN_POINT('',(17.9315048328517,1.56880339283484,12.));
#2324=CARTESIAN_POINT('Origin',(0.,0.,12.));
#2325=CARTESIAN_POINT('',(17.9315048328517,1.56880339283484,0.));
#2326=CARTESIAN_POINT('Origin',(38.8515938045119,3.39907401780881,0.));
#2327=CARTESIAN_POINT('',(38.8515938045119,3.39907401780881,0.));
#2328=CARTESIAN_POINT('',(17.9315048328517,1.56880339283484,0.));
#2329=CARTESIAN_POINT('',(38.8515938045119,3.39907401780881,12.));
#2330=CARTESIAN_POINT('',(17.9315048328517,1.56880339283484,12.));
#2331=CARTESIAN_POINT('',(38.8515938045119,3.39907401780881,0.));
#2332=CARTESIAN_POINT('Origin',(0.,0.,0.));
#2333=CARTESIAN_POINT('',(38.8515938045119,-3.39907401780882,0.));
#2334=CARTESIAN_POINT('Origin',(0.,0.,0.));
#2335=CARTESIAN_POINT('',(38.8515938045119,-3.39907401780882,12.));
#2336=CARTESIAN_POINT('Origin',(0.,0.,12.));
#2337=CARTESIAN_POINT('',(38.8515938045119,-3.39907401780882,0.));
#2338=CARTESIAN_POINT('Origin',(17.9315048328517,-1.56880339283484,0.));
#2339=CARTESIAN_POINT('',(17.9315048328517,-1.56880339283484,0.));
#2340=CARTESIAN_POINT('',(17.9315048328517,-1.56880339283484,12.));
#2341=CARTESIAN_POINT('Origin',(28.4657527069985,-2.45351637912898E-15,
12.));
#2342=CARTESIAN_POINT('Origin',(28.4657527069985,-2.45351637912898E-15,
0.));
#2343=CARTESIAN_POINT('Origin',(0.,0.,0.));
#2344=CARTESIAN_POINT('',(16.3135404097504,7.60712882468763,0.));
#2345=CARTESIAN_POINT('',(14.7447370169156,10.324376008164,0.));
#2346=CARTESIAN_POINT('Origin',(0.,0.,0.));
#2347=CARTESIAN_POINT('',(16.3135404097504,7.60712882468763,12.));
#2348=CARTESIAN_POINT('',(16.3135404097504,7.60712882468763,0.));
#2349=CARTESIAN_POINT('',(14.7447370169156,10.324376008164,12.));
#2350=CARTESIAN_POINT('Origin',(0.,0.,12.));
#2351=CARTESIAN_POINT('',(14.7447370169156,10.324376008164,0.));
#2352=CARTESIAN_POINT('Origin',(31.946930203317,22.369481351022,0.));
#2353=CARTESIAN_POINT('',(31.946930203317,22.369481351022,0.));
#2354=CARTESIAN_POINT('',(14.7447370169156,10.324376008164,0.));
#2355=CARTESIAN_POINT('',(31.946930203317,22.369481351022,12.));
#2356=CARTESIAN_POINT('',(14.7447370169156,10.324376008164,12.));
#2357=CARTESIAN_POINT('',(31.946930203317,22.369481351022,0.));
#2358=CARTESIAN_POINT('Origin',(0.,0.,0.));
#2359=CARTESIAN_POINT('',(35.3460042211259,16.4821124534899,0.));
#2360=CARTESIAN_POINT('Origin',(0.,0.,0.));
#2361=CARTESIAN_POINT('',(35.3460042211259,16.4821124534899,12.));
#2362=CARTESIAN_POINT('Origin',(0.,0.,12.));
#2363=CARTESIAN_POINT('',(35.3460042211259,16.4821124534899,0.));
#2364=CARTESIAN_POINT('Origin',(16.3135404097504,7.60712882468763,0.));
#2365=CARTESIAN_POINT('',(16.3135404097504,7.60712882468763,0.));
#2366=CARTESIAN_POINT('',(16.3135404097504,7.60712882468763,12.));
#2367=CARTESIAN_POINT('Origin',(24.6520649821063,14.2328763534992,12.));
#2368=CARTESIAN_POINT('Origin',(24.6520649821063,14.2328763534992,0.));
#2369=CARTESIAN_POINT('Origin',(0.,0.,0.));
#2370=CARTESIAN_POINT('',(10.324376008164,14.7447370169155,0.));
#2371=CARTESIAN_POINT('',(7.60712882468765,16.3135404097504,0.));
#2372=CARTESIAN_POINT('Origin',(0.,0.,0.));
#2373=CARTESIAN_POINT('',(10.324376008164,14.7447370169155,12.));
#2374=CARTESIAN_POINT('',(10.324376008164,14.7447370169155,0.));
#2375=CARTESIAN_POINT('',(7.60712882468765,16.3135404097504,12.));
#2376=CARTESIAN_POINT('Origin',(0.,0.,12.));
#2377=CARTESIAN_POINT('',(7.60712882468765,16.3135404097504,0.));
#2378=CARTESIAN_POINT('Origin',(16.4821124534899,35.3460042211258,0.));
#2379=CARTESIAN_POINT('',(16.4821124534899,35.3460042211258,0.));
#2380=CARTESIAN_POINT('',(7.60712882468765,16.3135404097504,0.));
#2381=CARTESIAN_POINT('',(16.4821124534899,35.3460042211258,12.));
#2382=CARTESIAN_POINT('',(7.60712882468765,16.3135404097504,12.));
#2383=CARTESIAN_POINT('',(16.4821124534899,35.3460042211258,0.));
#2384=CARTESIAN_POINT('Origin',(0.,0.,0.));
#2385=CARTESIAN_POINT('',(22.3694813510221,31.946930203317,0.));
#2386=CARTESIAN_POINT('Origin',(0.,0.,0.));
#2387=CARTESIAN_POINT('',(22.3694813510221,31.946930203317,12.));
#2388=CARTESIAN_POINT('Origin',(0.,0.,12.));
#2389=CARTESIAN_POINT('',(22.3694813510221,31.946930203317,0.));
#2390=CARTESIAN_POINT('Origin',(10.324376008164,14.7447370169155,0.));
#2391=CARTESIAN_POINT('',(10.324376008164,14.7447370169155,0.));
#2392=CARTESIAN_POINT('',(10.324376008164,14.7447370169155,12.));
#2393=CARTESIAN_POINT('Origin',(14.2328763534992,24.6520649821063,12.));
#2394=CARTESIAN_POINT('Origin',(14.2328763534992,24.6520649821063,0.));
#2395=UNCERTAINTY_MEASURE_WITH_UNIT(LENGTH_MEASURE(0.01),#2399,
'DISTANCE_ACCURACY_VALUE',
'Maximum model space distance between geometric entities at asserted c
onnectivities');
#2396=UNCERTAINTY_MEASURE_WITH_UNIT(LENGTH_MEASURE(0.01),#2399,
'DISTANCE_ACCURACY_VALUE',
'Maximum model space distance between geometric entities at asserted c
onnectivities');
#2397=(
GEOMETRIC_REPRESENTATION_CONTEXT(3)
GLOBAL_UNCERTAINTY_ASSIGNED_CONTEXT((#2395))
GLOBAL_UNIT_ASSIGNED_CONTEXT((#2399,#2401,#2402))
REPRESENTATION_CONTEXT('','3D')
);
#2398=(
GEOMETRIC_REPRESENTATION_CONTEXT(3)
GLOBAL_UNCERTAINTY_ASSIGNED_CONTEXT((#2396))
GLOBAL_UNIT_ASSIGNED_CONTEXT((#2399,#2401,#2402))
REPRESENTATION_CONTEXT('','3D')
);
#2399=(
LENGTH_UNIT()
NAMED_UNIT(*)
SI_UNIT(.MILLI.,.METRE.)
);
#2400=(
LENGTH_UNIT()
NAMED_UNIT(*)
SI_UNIT($,.METRE.)
);
#2401=(
NAMED_UNIT(*)
PLANE_ANGLE_UNIT()
SI_UNIT($,.RADIAN.)
);
#2402=(
NAMED_UNIT(*)
SI_UNIT($,.STERADIAN.)
SOLID_ANGLE_UNIT()
);
#2403=SHAPE_DEFINITION_REPRESENTATION(#2404,#2405);
#2404=PRODUCT_DEFINITION_SHAPE('',$,#2407);
#2405=SHAPE_REPRESENTATION('',(#1407),#2397);
#2406=PRODUCT_DEFINITION_CONTEXT('part definition',#2411,'design');
#2407=PRODUCT_DEFINITION('2026-04-13-15-02-20-050',
'outerrim redesigned',#2408,#2406);
#2408=PRODUCT_DEFINITION_FORMATION('',$,#2413);
#2409=PRODUCT_RELATED_PRODUCT_CATEGORY('outerrim redesigned',
'outerrim redesigned',(#2413));
#2410=APPLICATION_PROTOCOL_DEFINITION('international standard',
'automotive_design',2009,#2411);
#2411=APPLICATION_CONTEXT(
'Core Data for Automotive Mechanical Design Process');
#2412=PRODUCT_CONTEXT('part definition',#2411,'mechanical');
#2413=PRODUCT('2026-04-13-15-02-20-050','outerrim redesigned',$,(#2412));
#2414=PRESENTATION_STYLE_ASSIGNMENT((#2415));
#2415=SURFACE_STYLE_USAGE(.BOTH.,#2416);
#2416=SURFACE_SIDE_STYLE('',(#2417));
#2417=SURFACE_STYLE_FILL_AREA(#2418);
#2418=FILL_AREA_STYLE('Steel - Satin',(#2419));
#2419=FILL_AREA_STYLE_COLOUR('Steel - Satin',#2420);
#2420=COLOUR_RGB('Steel - Satin',0.627450980392157,0.627450980392157,0.627450980392157);
ENDSEC;
END-ISO-10303-21;
