ISO-10303-21;
HEADER;
/* Generated by software containing ST-Developer
 * from STEP Tools, Inc. (www.steptools.com) 
 */

FILE_DESCRIPTION(
/* description */ (''),
/* implementation_level */ '2;1');

FILE_NAME(
/* name */ 'ROBOT CHASSIS_leg.step',
/* time_stamp */ '2026-04-19T22:50:05+02:00',
/* author */ (''),
/* organization */ (''),
/* preprocessor_version */ 'ST-DEVELOPER v20.1',
/* originating_system */ 'Autodesk Translation Framework v15.8.0.0',
/* authorisation */ '');

FILE_SCHEMA (('AUTOMOTIVE_DESIGN { 1 0 10303 214 3 1 1 }'));
ENDSEC;

DATA;
#10=MECHANICAL_DESIGN_GEOMETRIC_PRESENTATION_REPRESENTATION('',(#13),#2486);
#11=SHAPE_REPRESENTATION_RELATIONSHIP('SRR','None',#2493,#12);
#12=ADVANCED_BREP_SHAPE_REPRESENTATION('',(#14),#2485);
#13=STYLED_ITEM('',(#2502),#14);
#14=MANIFOLD_SOLID_BREP('Body1',#1397);
#15=CYLINDRICAL_SURFACE('',#1452,1.64999999999999);
#16=CYLINDRICAL_SURFACE('',#1456,1.64999999999999);
#17=CYLINDRICAL_SURFACE('',#1460,1.64999999999999);
#18=CYLINDRICAL_SURFACE('',#1464,1.64999999999999);
#19=CYLINDRICAL_SURFACE('',#1468,1.64999999999999);
#20=CYLINDRICAL_SURFACE('',#1472,1.64999999999999);
#21=CYLINDRICAL_SURFACE('',#1474,36.5000000000026);
#22=CYLINDRICAL_SURFACE('',#1503,1.000000000006);
#23=CYLINDRICAL_SURFACE('',#1505,3.74999999999177);
#24=CYLINDRICAL_SURFACE('',#1507,0.999999999999996);
#25=CYLINDRICAL_SURFACE('',#1509,36.500000000003);
#26=CYLINDRICAL_SURFACE('',#1511,1.000000000005);
#27=CYLINDRICAL_SURFACE('',#1513,3.74999999999411);
#28=CYLINDRICAL_SURFACE('',#1515,1.00000000000501);
#29=CYLINDRICAL_SURFACE('',#1517,36.4999999999992);
#30=CYLINDRICAL_SURFACE('',#1519,1.00000000000101);
#31=CYLINDRICAL_SURFACE('',#1521,3.75000000000312);
#32=CYLINDRICAL_SURFACE('',#1523,1.000000000001);
#33=CYLINDRICAL_SURFACE('',#1525,36.4999999999969);
#34=CYLINDRICAL_SURFACE('',#1527,1.00000000000001);
#35=CYLINDRICAL_SURFACE('',#1529,3.750000000003);
#36=CYLINDRICAL_SURFACE('',#1531,1.000000000001);
#37=CYLINDRICAL_SURFACE('',#1533,36.4999999999901);
#38=CYLINDRICAL_SURFACE('',#1535,5.00000000040884);
#39=CYLINDRICAL_SURFACE('',#1537,16.912726730676);
#40=CYLINDRICAL_SURFACE('',#1538,28.5000244049531);
#41=CYLINDRICAL_SURFACE('',#1539,16.9127267307198);
#42=CYLINDRICAL_SURFACE('',#1540,5.02465182249441);
#43=CYLINDRICAL_SURFACE('',#1566,21.3000000000523);
#44=CYLINDRICAL_SURFACE('',#1567,2.00000000000496);
#45=CYLINDRICAL_SURFACE('',#1569,1.99999999999977);
#46=CYLINDRICAL_SURFACE('',#1570,84.582754369156);
#47=CYLINDRICAL_SURFACE('',#1571,2.00000000000071);
#48=CYLINDRICAL_SURFACE('',#1573,2.00000000000636);
#49=CYLINDRICAL_SURFACE('',#1575,2.00000000000004);
#50=CYLINDRICAL_SURFACE('',#1576,21.2999999999992);
#51=CYLINDRICAL_SURFACE('',#1577,1.99999999999998);
#52=CYLINDRICAL_SURFACE('',#1579,1.99999999999999);
#53=CYLINDRICAL_SURFACE('',#1580,47.5000000000004);
#54=CYLINDRICAL_SURFACE('',#1581,2.);
#55=CYLINDRICAL_SURFACE('',#1583,1.99999999998998);
#56=CYLINDRICAL_SURFACE('',#1584,21.3000000000523);
#57=CYLINDRICAL_SURFACE('',#1585,1.99999999999255);
#58=CYLINDRICAL_SURFACE('',#1587,2.00000000000089);
#59=CYLINDRICAL_SURFACE('',#1588,70.7926372668642);
#60=CYLINDRICAL_SURFACE('',#1589,2.00000000000013);
#61=CYLINDRICAL_SURFACE('',#1590,1.65);
#62=CYLINDRICAL_SURFACE('',#1591,1.64999999999999);
#63=CYLINDRICAL_SURFACE('',#1592,1.65000000000001);
#64=CYLINDRICAL_SURFACE('',#1593,1.64999999999999);
#65=CYLINDRICAL_SURFACE('',#1594,42.5000021397904);
#66=CYLINDRICAL_SURFACE('',#1595,32.7710083216427);
#67=CYLINDRICAL_SURFACE('',#1597,21.2999999999196);
#68=CYLINDRICAL_SURFACE('',#1599,32.7710083219364);
#69=CYLINDRICAL_SURFACE('',#1600,42.5000021397904);
#70=FACE_BOUND('',#181,.T.);
#71=FACE_BOUND('',#182,.T.);
#72=FACE_BOUND('',#183,.T.);
#73=FACE_BOUND('',#184,.T.);
#74=FACE_BOUND('',#185,.T.);
#75=FACE_BOUND('',#186,.T.);
#76=FACE_BOUND('',#187,.T.);
#77=FACE_BOUND('',#188,.T.);
#78=FACE_BOUND('',#189,.T.);
#79=FACE_BOUND('',#190,.T.);
#80=FACE_BOUND('',#191,.T.);
#81=FACE_BOUND('',#192,.T.);
#82=FACE_BOUND('',#193,.T.);
#83=FACE_BOUND('',#207,.T.);
#84=FACE_BOUND('',#208,.T.);
#85=FACE_BOUND('',#209,.T.);
#86=FACE_BOUND('',#210,.T.);
#87=FACE_BOUND('',#233,.T.);
#88=FACE_BOUND('',#234,.T.);
#89=FACE_BOUND('',#235,.T.);
#90=FACE_BOUND('',#236,.T.);
#91=FACE_BOUND('',#237,.T.);
#92=FACE_BOUND('',#238,.T.);
#93=FACE_BOUND('',#239,.T.);
#94=FACE_BOUND('',#240,.T.);
#95=FACE_BOUND('',#241,.T.);
#96=PLANE('',#1414);
#97=PLANE('',#1477);
#98=PLANE('',#1542);
#99=PLANE('',#1568);
#100=PLANE('',#1572);
#101=PLANE('',#1574);
#102=PLANE('',#1578);
#103=PLANE('',#1582);
#104=PLANE('',#1586);
#105=PLANE('',#1596);
#106=PLANE('',#1598);
#107=FACE_OUTER_BOUND('',#179,.T.);
#108=FACE_OUTER_BOUND('',#180,.T.);
#109=FACE_OUTER_BOUND('',#194,.T.);
#110=FACE_OUTER_BOUND('',#195,.T.);
#111=FACE_OUTER_BOUND('',#196,.T.);
#112=FACE_OUTER_BOUND('',#197,.T.);
#113=FACE_OUTER_BOUND('',#198,.T.);
#114=FACE_OUTER_BOUND('',#199,.T.);
#115=FACE_OUTER_BOUND('',#200,.T.);
#116=FACE_OUTER_BOUND('',#201,.T.);
#117=FACE_OUTER_BOUND('',#202,.T.);
#118=FACE_OUTER_BOUND('',#203,.T.);
#119=FACE_OUTER_BOUND('',#204,.T.);
#120=FACE_OUTER_BOUND('',#205,.T.);
#121=FACE_OUTER_BOUND('',#206,.T.);
#122=FACE_OUTER_BOUND('',#211,.T.);
#123=FACE_OUTER_BOUND('',#212,.T.);
#124=FACE_OUTER_BOUND('',#213,.T.);
#125=FACE_OUTER_BOUND('',#214,.T.);
#126=FACE_OUTER_BOUND('',#215,.T.);
#127=FACE_OUTER_BOUND('',#216,.T.);
#128=FACE_OUTER_BOUND('',#217,.T.);
#129=FACE_OUTER_BOUND('',#218,.T.);
#130=FACE_OUTER_BOUND('',#219,.T.);
#131=FACE_OUTER_BOUND('',#220,.T.);
#132=FACE_OUTER_BOUND('',#221,.T.);
#133=FACE_OUTER_BOUND('',#222,.T.);
#134=FACE_OUTER_BOUND('',#223,.T.);
#135=FACE_OUTER_BOUND('',#224,.T.);
#136=FACE_OUTER_BOUND('',#225,.T.);
#137=FACE_OUTER_BOUND('',#226,.T.);
#138=FACE_OUTER_BOUND('',#227,.T.);
#139=FACE_OUTER_BOUND('',#228,.T.);
#140=FACE_OUTER_BOUND('',#229,.T.);
#141=FACE_OUTER_BOUND('',#230,.T.);
#142=FACE_OUTER_BOUND('',#231,.T.);
#143=FACE_OUTER_BOUND('',#232,.T.);
#144=FACE_OUTER_BOUND('',#242,.T.);
#145=FACE_OUTER_BOUND('',#243,.T.);
#146=FACE_OUTER_BOUND('',#244,.T.);
#147=FACE_OUTER_BOUND('',#245,.T.);
#148=FACE_OUTER_BOUND('',#246,.T.);
#149=FACE_OUTER_BOUND('',#247,.T.);
#150=FACE_OUTER_BOUND('',#248,.T.);
#151=FACE_OUTER_BOUND('',#249,.T.);
#152=FACE_OUTER_BOUND('',#250,.T.);
#153=FACE_OUTER_BOUND('',#251,.T.);
#154=FACE_OUTER_BOUND('',#252,.T.);
#155=FACE_OUTER_BOUND('',#253,.T.);
#156=FACE_OUTER_BOUND('',#254,.T.);
#157=FACE_OUTER_BOUND('',#255,.T.);
#158=FACE_OUTER_BOUND('',#256,.T.);
#159=FACE_OUTER_BOUND('',#257,.T.);
#160=FACE_OUTER_BOUND('',#258,.T.);
#161=FACE_OUTER_BOUND('',#259,.T.);
#162=FACE_OUTER_BOUND('',#260,.T.);
#163=FACE_OUTER_BOUND('',#261,.T.);
#164=FACE_OUTER_BOUND('',#262,.T.);
#165=FACE_OUTER_BOUND('',#263,.T.);
#166=FACE_OUTER_BOUND('',#264,.T.);
#167=FACE_OUTER_BOUND('',#265,.T.);
#168=FACE_OUTER_BOUND('',#266,.T.);
#169=FACE_OUTER_BOUND('',#267,.T.);
#170=FACE_OUTER_BOUND('',#268,.T.);
#171=FACE_OUTER_BOUND('',#269,.T.);
#172=FACE_OUTER_BOUND('',#270,.T.);
#173=FACE_OUTER_BOUND('',#271,.T.);
#174=FACE_OUTER_BOUND('',#272,.T.);
#175=FACE_OUTER_BOUND('',#273,.T.);
#176=FACE_OUTER_BOUND('',#274,.T.);
#177=FACE_OUTER_BOUND('',#275,.T.);
#178=FACE_OUTER_BOUND('',#276,.T.);
#179=EDGE_LOOP('',(#909,#910,#911,#912));
#180=EDGE_LOOP('',(#913,#914,#915,#916,#917,#918,#919,#920,#921,#922,#923,
#924));
#181=EDGE_LOOP('',(#925));
#182=EDGE_LOOP('',(#926));
#183=EDGE_LOOP('',(#927));
#184=EDGE_LOOP('',(#928));
#185=EDGE_LOOP('',(#929));
#186=EDGE_LOOP('',(#930));
#187=EDGE_LOOP('',(#931));
#188=EDGE_LOOP('',(#932,#933,#934,#935,#936,#937,#938,#939));
#189=EDGE_LOOP('',(#940,#941,#942,#943,#944,#945,#946,#947));
#190=EDGE_LOOP('',(#948,#949,#950,#951,#952,#953,#954,#955));
#191=EDGE_LOOP('',(#956));
#192=EDGE_LOOP('',(#957));
#193=EDGE_LOOP('',(#958));
#194=EDGE_LOOP('',(#959,#960,#961,#962));
#195=EDGE_LOOP('',(#963,#964,#965,#966));
#196=EDGE_LOOP('',(#967,#968,#969,#970));
#197=EDGE_LOOP('',(#971,#972,#973,#974));
#198=EDGE_LOOP('',(#975,#976,#977,#978));
#199=EDGE_LOOP('',(#979,#980,#981,#982));
#200=EDGE_LOOP('',(#983,#984,#985,#986));
#201=EDGE_LOOP('',(#987,#988,#989,#990));
#202=EDGE_LOOP('',(#991,#992,#993,#994));
#203=EDGE_LOOP('',(#995,#996,#997,#998));
#204=EDGE_LOOP('',(#999,#1000,#1001,#1002));
#205=EDGE_LOOP('',(#1003,#1004,#1005,#1006));
#206=EDGE_LOOP('',(#1007,#1008,#1009,#1010,#1011,#1012,#1013,#1014,#1015,
#1016,#1017,#1018,#1019,#1020,#1021,#1022,#1023,#1024,#1025,#1026,#1027,
#1028));
#207=EDGE_LOOP('',(#1029));
#208=EDGE_LOOP('',(#1030));
#209=EDGE_LOOP('',(#1031));
#210=EDGE_LOOP('',(#1032));
#211=EDGE_LOOP('',(#1033,#1034,#1035,#1036));
#212=EDGE_LOOP('',(#1037,#1038,#1039,#1040));
#213=EDGE_LOOP('',(#1041,#1042,#1043,#1044));
#214=EDGE_LOOP('',(#1045,#1046,#1047,#1048));
#215=EDGE_LOOP('',(#1049,#1050,#1051,#1052));
#216=EDGE_LOOP('',(#1053,#1054,#1055,#1056));
#217=EDGE_LOOP('',(#1057,#1058,#1059,#1060));
#218=EDGE_LOOP('',(#1061,#1062,#1063,#1064));
#219=EDGE_LOOP('',(#1065,#1066,#1067,#1068));
#220=EDGE_LOOP('',(#1069,#1070,#1071,#1072));
#221=EDGE_LOOP('',(#1073,#1074,#1075,#1076));
#222=EDGE_LOOP('',(#1077,#1078,#1079,#1080));
#223=EDGE_LOOP('',(#1081,#1082,#1083,#1084));
#224=EDGE_LOOP('',(#1085,#1086,#1087,#1088));
#225=EDGE_LOOP('',(#1089,#1090,#1091,#1092));
#226=EDGE_LOOP('',(#1093,#1094,#1095,#1096));
#227=EDGE_LOOP('',(#1097,#1098,#1099,#1100,#1101,#1102));
#228=EDGE_LOOP('',(#1103,#1104,#1105,#1106));
#229=EDGE_LOOP('',(#1107,#1108,#1109,#1110));
#230=EDGE_LOOP('',(#1111,#1112,#1113,#1114));
#231=EDGE_LOOP('',(#1115,#1116,#1117,#1118,#1119,#1120));
#232=EDGE_LOOP('',(#1121,#1122,#1123,#1124,#1125,#1126,#1127,#1128,#1129,
#1130,#1131,#1132,#1133,#1134,#1135,#1136,#1137,#1138,#1139,#1140,#1141,
#1142,#1143,#1144,#1145,#1146));
#233=EDGE_LOOP('',(#1147));
#234=EDGE_LOOP('',(#1148));
#235=EDGE_LOOP('',(#1149));
#236=EDGE_LOOP('',(#1150));
#237=EDGE_LOOP('',(#1151,#1152,#1153,#1154,#1155,#1156,#1157,#1158));
#238=EDGE_LOOP('',(#1159,#1160,#1161,#1162,#1163,#1164,#1165,#1166));
#239=EDGE_LOOP('',(#1167,#1168,#1169,#1170,#1171,#1172,#1173,#1174));
#240=EDGE_LOOP('',(#1175));
#241=EDGE_LOOP('',(#1176));
#242=EDGE_LOOP('',(#1177,#1178,#1179,#1180));
#243=EDGE_LOOP('',(#1181,#1182,#1183,#1184));
#244=EDGE_LOOP('',(#1185,#1186,#1187,#1188));
#245=EDGE_LOOP('',(#1189,#1190,#1191,#1192));
#246=EDGE_LOOP('',(#1193,#1194,#1195,#1196));
#247=EDGE_LOOP('',(#1197,#1198,#1199,#1200));
#248=EDGE_LOOP('',(#1201,#1202,#1203,#1204));
#249=EDGE_LOOP('',(#1205,#1206,#1207,#1208));
#250=EDGE_LOOP('',(#1209,#1210,#1211,#1212));
#251=EDGE_LOOP('',(#1213,#1214,#1215,#1216));
#252=EDGE_LOOP('',(#1217,#1218,#1219,#1220));
#253=EDGE_LOOP('',(#1221,#1222,#1223,#1224));
#254=EDGE_LOOP('',(#1225,#1226,#1227,#1228));
#255=EDGE_LOOP('',(#1229,#1230,#1231,#1232));
#256=EDGE_LOOP('',(#1233,#1234,#1235,#1236));
#257=EDGE_LOOP('',(#1237,#1238,#1239,#1240));
#258=EDGE_LOOP('',(#1241,#1242,#1243,#1244));
#259=EDGE_LOOP('',(#1245,#1246,#1247,#1248));
#260=EDGE_LOOP('',(#1249,#1250,#1251,#1252));
#261=EDGE_LOOP('',(#1253,#1254,#1255,#1256));
#262=EDGE_LOOP('',(#1257,#1258,#1259,#1260));
#263=EDGE_LOOP('',(#1261,#1262,#1263,#1264));
#264=EDGE_LOOP('',(#1265,#1266,#1267,#1268));
#265=EDGE_LOOP('',(#1269,#1270,#1271,#1272));
#266=EDGE_LOOP('',(#1273,#1274,#1275,#1276));
#267=EDGE_LOOP('',(#1277,#1278,#1279,#1280));
#268=EDGE_LOOP('',(#1281,#1282,#1283,#1284));
#269=EDGE_LOOP('',(#1285,#1286,#1287,#1288));
#270=EDGE_LOOP('',(#1289,#1290,#1291,#1292));
#271=EDGE_LOOP('',(#1293,#1294,#1295,#1296));
#272=EDGE_LOOP('',(#1297,#1298,#1299,#1300));
#273=EDGE_LOOP('',(#1301,#1302,#1303,#1304));
#274=EDGE_LOOP('',(#1305,#1306,#1307,#1308));
#275=EDGE_LOOP('',(#1309,#1310,#1311,#1312,#1313));
#276=EDGE_LOOP('',(#1314,#1315,#1316,#1317,#1318));
#277=LINE('',#2075,#364);
#278=LINE('',#2094,#365);
#279=LINE('',#2098,#366);
#280=LINE('',#2124,#367);
#281=LINE('',#2131,#368);
#282=LINE('',#2140,#369);
#283=LINE('',#2147,#370);
#284=LINE('',#2152,#371);
#285=LINE('',#2160,#372);
#286=LINE('',#2170,#373);
#287=LINE('',#2174,#374);
#288=LINE('',#2178,#375);
#289=LINE('',#2182,#376);
#290=LINE('',#2186,#377);
#291=LINE('',#2190,#378);
#292=LINE('',#2194,#379);
#293=LINE('',#2198,#380);
#294=LINE('',#2202,#381);
#295=LINE('',#2206,#382);
#296=LINE('',#2210,#383);
#297=LINE('',#2215,#384);
#298=LINE('',#2219,#385);
#299=LINE('',#2273,#386);
#300=LINE('',#2277,#387);
#301=LINE('',#2281,#388);
#302=LINE('',#2285,#389);
#303=LINE('',#2289,#390);
#304=LINE('',#2293,#391);
#305=LINE('',#2297,#392);
#306=LINE('',#2301,#393);
#307=LINE('',#2305,#394);
#308=LINE('',#2309,#395);
#309=LINE('',#2313,#396);
#310=LINE('',#2317,#397);
#311=LINE('',#2321,#398);
#312=LINE('',#2325,#399);
#313=LINE('',#2329,#400);
#314=LINE('',#2333,#401);
#315=LINE('',#2336,#402);
#316=LINE('',#2338,#403);
#317=LINE('',#2341,#404);
#318=LINE('',#2343,#405);
#319=LINE('',#2345,#406);
#320=LINE('',#2349,#407);
#321=LINE('',#2356,#408);
#322=LINE('',#2360,#409);
#323=LINE('',#2372,#410);
#324=LINE('',#2379,#411);
#325=LINE('',#2384,#412);
#326=LINE('',#2392,#413);
#327=LINE('',#2400,#414);
#328=LINE('',#2408,#415);
#329=LINE('',#2413,#416);
#330=LINE('',#2414,#417);
#331=LINE('',#2416,#418);
#332=LINE('',#2418,#419);
#333=LINE('',#2420,#420);
#334=LINE('',#2422,#421);
#335=LINE('',#2424,#422);
#336=LINE('',#2426,#423);
#337=LINE('',#2429,#424);
#338=LINE('',#2430,#425);
#339=LINE('',#2432,#426);
#340=LINE('',#2434,#427);
#341=LINE('',#2436,#428);
#342=LINE('',#2438,#429);
#343=LINE('',#2440,#430);
#344=LINE('',#2442,#431);
#345=LINE('',#2445,#432);
#346=LINE('',#2446,#433);
#347=LINE('',#2448,#434);
#348=LINE('',#2450,#435);
#349=LINE('',#2452,#436);
#350=LINE('',#2454,#437);
#351=LINE('',#2456,#438);
#352=LINE('',#2458,#439);
#353=LINE('',#2461,#440);
#354=LINE('',#2463,#441);
#355=LINE('',#2465,#442);
#356=LINE('',#2467,#443);
#357=LINE('',#2469,#444);
#358=LINE('',#2471,#445);
#359=LINE('',#2473,#446);
#360=LINE('',#2475,#447);
#361=LINE('',#2477,#448);
#362=LINE('',#2480,#449);
#363=LINE('',#2481,#450);
#364=VECTOR('',#1607,2.64999999999999);
#365=VECTOR('',#1626,10.);
#366=VECTOR('',#1629,10.);
#367=VECTOR('',#1654,10.);
#368=VECTOR('',#1661,10.);
#369=VECTOR('',#1668,10.);
#370=VECTOR('',#1675,10.);
#371=VECTOR('',#1678,10.);
#372=VECTOR('',#1685,10.);
#373=VECTOR('',#1696,1.64999999999999);
#374=VECTOR('',#1701,2.64999999999999);
#375=VECTOR('',#1706,1.64999999999999);
#376=VECTOR('',#1711,2.64999999999999);
#377=VECTOR('',#1716,1.64999999999999);
#378=VECTOR('',#1721,2.64999999999999);
#379=VECTOR('',#1726,1.64999999999999);
#380=VECTOR('',#1731,2.64999999999999);
#381=VECTOR('',#1736,1.64999999999999);
#382=VECTOR('',#1741,2.64999999999999);
#383=VECTOR('',#1746,1.64999999999999);
#384=VECTOR('',#1751,10.);
#385=VECTOR('',#1754,10.);
#386=VECTOR('',#1811,10.);
#387=VECTOR('',#1816,10.);
#388=VECTOR('',#1821,10.);
#389=VECTOR('',#1826,10.);
#390=VECTOR('',#1831,10.);
#391=VECTOR('',#1836,10.);
#392=VECTOR('',#1841,10.);
#393=VECTOR('',#1846,10.);
#394=VECTOR('',#1851,10.);
#395=VECTOR('',#1856,10.);
#396=VECTOR('',#1861,10.);
#397=VECTOR('',#1866,10.);
#398=VECTOR('',#1871,10.);
#399=VECTOR('',#1876,10.);
#400=VECTOR('',#1881,10.);
#401=VECTOR('',#1886,10.);
#402=VECTOR('',#1891,10.);
#403=VECTOR('',#1892,10.);
#404=VECTOR('',#1897,10.);
#405=VECTOR('',#1900,10.);
#406=VECTOR('',#1903,10.);
#407=VECTOR('',#1908,10.);
#408=VECTOR('',#1915,10.);
#409=VECTOR('',#1918,10.);
#410=VECTOR('',#1929,10.);
#411=VECTOR('',#1936,10.);
#412=VECTOR('',#1939,10.);
#413=VECTOR('',#1946,10.);
#414=VECTOR('',#1953,10.);
#415=VECTOR('',#1960,10.);
#416=VECTOR('',#1967,10.);
#417=VECTOR('',#1968,10.);
#418=VECTOR('',#1971,10.);
#419=VECTOR('',#1974,10.);
#420=VECTOR('',#1977,10.);
#421=VECTOR('',#1980,10.);
#422=VECTOR('',#1983,10.);
#423=VECTOR('',#1986,10.);
#424=VECTOR('',#1991,10.);
#425=VECTOR('',#1992,10.);
#426=VECTOR('',#1995,10.);
#427=VECTOR('',#1998,10.);
#428=VECTOR('',#2001,10.);
#429=VECTOR('',#2004,10.);
#430=VECTOR('',#2007,10.);
#431=VECTOR('',#2010,10.);
#432=VECTOR('',#2015,10.);
#433=VECTOR('',#2016,10.);
#434=VECTOR('',#2019,10.);
#435=VECTOR('',#2022,10.);
#436=VECTOR('',#2025,10.);
#437=VECTOR('',#2028,10.);
#438=VECTOR('',#2031,10.);
#439=VECTOR('',#2034,10.);
#440=VECTOR('',#2039,1.65);
#441=VECTOR('',#2042,1.64999999999999);
#442=VECTOR('',#2045,1.65000000000001);
#443=VECTOR('',#2048,1.64999999999999);
#444=VECTOR('',#2051,10.);
#445=VECTOR('',#2054,10.);
#446=VECTOR('',#2057,10.);
#447=VECTOR('',#2060,10.);
#448=VECTOR('',#2063,10.);
#449=VECTOR('',#2066,10.);
#450=VECTOR('',#2067,10.);
#451=CIRCLE('',#1412,3.64999999999998);
#452=CIRCLE('',#1413,1.64999999999999);
#453=CIRCLE('',#1415,5.00000000040884);
#454=CIRCLE('',#1416,16.912726730676);
#455=CIRCLE('',#1417,28.5000244049531);
#456=CIRCLE('',#1418,16.9127267307198);
#457=CIRCLE('',#1419,5.02465182249441);
#458=CIRCLE('',#1420,42.5000021397904);
#459=CIRCLE('',#1421,32.7710083219364);
#460=CIRCLE('',#1422,21.2999999999196);
#461=CIRCLE('',#1423,32.7710083216427);
#462=CIRCLE('',#1424,42.5000021397904);
#463=CIRCLE('',#1425,3.64999999999998);
#464=CIRCLE('',#1426,3.64999999999998);
#465=CIRCLE('',#1427,3.64999999999998);
#466=CIRCLE('',#1428,1.64999999999999);
#467=CIRCLE('',#1429,1.65000000000001);
#468=CIRCLE('',#1430,1.64999999999999);
#469=CIRCLE('',#1431,1.65);
#470=CIRCLE('',#1432,2.00000000000013);
#471=CIRCLE('',#1433,70.7926372668642);
#472=CIRCLE('',#1434,2.00000000000089);
#473=CIRCLE('',#1435,1.99999999999255);
#474=CIRCLE('',#1436,21.3000000000523);
#475=CIRCLE('',#1437,1.99999999998998);
#476=CIRCLE('',#1438,2.);
#477=CIRCLE('',#1439,47.5000000000004);
#478=CIRCLE('',#1440,1.99999999999999);
#479=CIRCLE('',#1441,1.99999999999998);
#480=CIRCLE('',#1442,21.2999999999992);
#481=CIRCLE('',#1443,2.00000000000004);
#482=CIRCLE('',#1444,2.00000000000636);
#483=CIRCLE('',#1445,2.00000000000071);
#484=CIRCLE('',#1446,84.582754369156);
#485=CIRCLE('',#1447,1.99999999999977);
#486=CIRCLE('',#1448,2.00000000000496);
#487=CIRCLE('',#1449,21.3000000000523);
#488=CIRCLE('',#1450,3.64999999999998);
#489=CIRCLE('',#1451,3.64999999999998);
#490=CIRCLE('',#1453,1.64999999999999);
#491=CIRCLE('',#1455,1.64999999999999);
#492=CIRCLE('',#1457,1.64999999999999);
#493=CIRCLE('',#1459,1.64999999999999);
#494=CIRCLE('',#1461,1.64999999999999);
#495=CIRCLE('',#1463,1.64999999999999);
#496=CIRCLE('',#1465,1.64999999999999);
#497=CIRCLE('',#1467,1.64999999999999);
#498=CIRCLE('',#1469,1.64999999999999);
#499=CIRCLE('',#1471,1.64999999999999);
#500=CIRCLE('',#1473,1.64999999999999);
#501=CIRCLE('',#1475,36.5000000000026);
#502=CIRCLE('',#1476,36.5000000000026);
#503=CIRCLE('',#1478,5.00000000040884);
#504=CIRCLE('',#1479,36.4999999999901);
#505=CIRCLE('',#1480,1.000000000001);
#506=CIRCLE('',#1481,3.750000000003);
#507=CIRCLE('',#1482,1.00000000000001);
#508=CIRCLE('',#1483,36.4999999999969);
#509=CIRCLE('',#1484,1.000000000001);
#510=CIRCLE('',#1485,3.75000000000312);
#511=CIRCLE('',#1486,1.00000000000101);
#512=CIRCLE('',#1487,36.4999999999992);
#513=CIRCLE('',#1488,1.00000000000501);
#514=CIRCLE('',#1489,3.74999999999411);
#515=CIRCLE('',#1490,1.000000000005);
#516=CIRCLE('',#1491,36.500000000003);
#517=CIRCLE('',#1492,0.999999999999996);
#518=CIRCLE('',#1493,3.74999999999177);
#519=CIRCLE('',#1494,1.000000000006);
#520=CIRCLE('',#1495,5.02465182249441);
#521=CIRCLE('',#1496,16.9127267307198);
#522=CIRCLE('',#1497,28.5000244049531);
#523=CIRCLE('',#1498,16.912726730676);
#524=CIRCLE('',#1499,1.64999999999999);
#525=CIRCLE('',#1500,1.65000000000001);
#526=CIRCLE('',#1501,1.64999999999999);
#527=CIRCLE('',#1502,1.65);
#528=CIRCLE('',#1504,1.000000000006);
#529=CIRCLE('',#1506,3.74999999999177);
#530=CIRCLE('',#1508,0.999999999999996);
#531=CIRCLE('',#1510,36.500000000003);
#532=CIRCLE('',#1512,1.000000000005);
#533=CIRCLE('',#1514,3.74999999999411);
#534=CIRCLE('',#1516,1.00000000000501);
#535=CIRCLE('',#1518,36.4999999999992);
#536=CIRCLE('',#1520,1.00000000000101);
#537=CIRCLE('',#1522,3.75000000000312);
#538=CIRCLE('',#1524,1.000000000001);
#539=CIRCLE('',#1526,36.4999999999969);
#540=CIRCLE('',#1528,1.00000000000001);
#541=CIRCLE('',#1530,3.750000000003);
#542=CIRCLE('',#1532,1.000000000001);
#543=CIRCLE('',#1534,36.4999999999901);
#544=CIRCLE('',#1536,5.00000000040884);
#545=CIRCLE('',#1541,5.02465182249441);
#546=CIRCLE('',#1543,42.5000021397904);
#547=CIRCLE('',#1544,32.7710083216427);
#548=CIRCLE('',#1545,21.2999999999196);
#549=CIRCLE('',#1546,32.7710083219364);
#550=CIRCLE('',#1547,42.5000021397904);
#551=CIRCLE('',#1548,2.00000000000636);
#552=CIRCLE('',#1549,21.3000000000523);
#553=CIRCLE('',#1550,2.00000000000496);
#554=CIRCLE('',#1551,1.99999999999977);
#555=CIRCLE('',#1552,84.582754369156);
#556=CIRCLE('',#1553,2.00000000000071);
#557=CIRCLE('',#1554,2.);
#558=CIRCLE('',#1555,2.00000000000004);
#559=CIRCLE('',#1556,21.2999999999992);
#560=CIRCLE('',#1557,1.99999999999998);
#561=CIRCLE('',#1558,1.99999999999999);
#562=CIRCLE('',#1559,47.5000000000004);
#563=CIRCLE('',#1560,2.00000000000013);
#564=CIRCLE('',#1561,1.99999999998998);
#565=CIRCLE('',#1562,21.3000000000523);
#566=CIRCLE('',#1563,1.99999999999255);
#567=CIRCLE('',#1564,2.00000000000089);
#568=CIRCLE('',#1565,70.7926372668642);
#569=VERTEX_POINT('',#2072);
#570=VERTEX_POINT('',#2074);
#571=VERTEX_POINT('',#2078);
#572=VERTEX_POINT('',#2079);
#573=VERTEX_POINT('',#2081);
#574=VERTEX_POINT('',#2083);
#575=VERTEX_POINT('',#2085);
#576=VERTEX_POINT('',#2087);
#577=VERTEX_POINT('',#2089);
#578=VERTEX_POINT('',#2091);
#579=VERTEX_POINT('',#2093);
#580=VERTEX_POINT('',#2095);
#581=VERTEX_POINT('',#2097);
#582=VERTEX_POINT('',#2099);
#583=VERTEX_POINT('',#2102);
#584=VERTEX_POINT('',#2104);
#585=VERTEX_POINT('',#2106);
#586=VERTEX_POINT('',#2108);
#587=VERTEX_POINT('',#2110);
#588=VERTEX_POINT('',#2112);
#589=VERTEX_POINT('',#2114);
#590=VERTEX_POINT('',#2116);
#591=VERTEX_POINT('',#2117);
#592=VERTEX_POINT('',#2119);
#593=VERTEX_POINT('',#2121);
#594=VERTEX_POINT('',#2123);
#595=VERTEX_POINT('',#2125);
#596=VERTEX_POINT('',#2127);
#597=VERTEX_POINT('',#2129);
#598=VERTEX_POINT('',#2132);
#599=VERTEX_POINT('',#2133);
#600=VERTEX_POINT('',#2135);
#601=VERTEX_POINT('',#2137);
#602=VERTEX_POINT('',#2139);
#603=VERTEX_POINT('',#2141);
#604=VERTEX_POINT('',#2143);
#605=VERTEX_POINT('',#2145);
#606=VERTEX_POINT('',#2148);
#607=VERTEX_POINT('',#2149);
#608=VERTEX_POINT('',#2151);
#609=VERTEX_POINT('',#2153);
#610=VERTEX_POINT('',#2155);
#611=VERTEX_POINT('',#2157);
#612=VERTEX_POINT('',#2159);
#613=VERTEX_POINT('',#2161);
#614=VERTEX_POINT('',#2164);
#615=VERTEX_POINT('',#2166);
#616=VERTEX_POINT('',#2169);
#617=VERTEX_POINT('',#2173);
#618=VERTEX_POINT('',#2177);
#619=VERTEX_POINT('',#2181);
#620=VERTEX_POINT('',#2185);
#621=VERTEX_POINT('',#2189);
#622=VERTEX_POINT('',#2193);
#623=VERTEX_POINT('',#2197);
#624=VERTEX_POINT('',#2201);
#625=VERTEX_POINT('',#2205);
#626=VERTEX_POINT('',#2209);
#627=VERTEX_POINT('',#2213);
#628=VERTEX_POINT('',#2214);
#629=VERTEX_POINT('',#2216);
#630=VERTEX_POINT('',#2218);
#631=VERTEX_POINT('',#2222);
#632=VERTEX_POINT('',#2223);
#633=VERTEX_POINT('',#2225);
#634=VERTEX_POINT('',#2227);
#635=VERTEX_POINT('',#2229);
#636=VERTEX_POINT('',#2231);
#637=VERTEX_POINT('',#2233);
#638=VERTEX_POINT('',#2235);
#639=VERTEX_POINT('',#2237);
#640=VERTEX_POINT('',#2239);
#641=VERTEX_POINT('',#2241);
#642=VERTEX_POINT('',#2243);
#643=VERTEX_POINT('',#2245);
#644=VERTEX_POINT('',#2247);
#645=VERTEX_POINT('',#2249);
#646=VERTEX_POINT('',#2251);
#647=VERTEX_POINT('',#2253);
#648=VERTEX_POINT('',#2256);
#649=VERTEX_POINT('',#2258);
#650=VERTEX_POINT('',#2260);
#651=VERTEX_POINT('',#2263);
#652=VERTEX_POINT('',#2265);
#653=VERTEX_POINT('',#2267);
#654=VERTEX_POINT('',#2269);
#655=VERTEX_POINT('',#2272);
#656=VERTEX_POINT('',#2276);
#657=VERTEX_POINT('',#2280);
#658=VERTEX_POINT('',#2284);
#659=VERTEX_POINT('',#2288);
#660=VERTEX_POINT('',#2292);
#661=VERTEX_POINT('',#2296);
#662=VERTEX_POINT('',#2300);
#663=VERTEX_POINT('',#2304);
#664=VERTEX_POINT('',#2308);
#665=VERTEX_POINT('',#2312);
#666=VERTEX_POINT('',#2316);
#667=VERTEX_POINT('',#2320);
#668=VERTEX_POINT('',#2324);
#669=VERTEX_POINT('',#2328);
#670=VERTEX_POINT('',#2332);
#671=VERTEX_POINT('',#2337);
#672=VERTEX_POINT('',#2347);
#673=VERTEX_POINT('',#2351);
#674=VERTEX_POINT('',#2353);
#675=VERTEX_POINT('',#2355);
#676=VERTEX_POINT('',#2357);
#677=VERTEX_POINT('',#2359);
#678=VERTEX_POINT('',#2361);
#679=VERTEX_POINT('',#2364);
#680=VERTEX_POINT('',#2365);
#681=VERTEX_POINT('',#2367);
#682=VERTEX_POINT('',#2369);
#683=VERTEX_POINT('',#2371);
#684=VERTEX_POINT('',#2373);
#685=VERTEX_POINT('',#2375);
#686=VERTEX_POINT('',#2377);
#687=VERTEX_POINT('',#2380);
#688=VERTEX_POINT('',#2381);
#689=VERTEX_POINT('',#2383);
#690=VERTEX_POINT('',#2385);
#691=VERTEX_POINT('',#2387);
#692=VERTEX_POINT('',#2389);
#693=VERTEX_POINT('',#2391);
#694=VERTEX_POINT('',#2393);
#695=VERTEX_POINT('',#2396);
#696=VERTEX_POINT('',#2397);
#697=VERTEX_POINT('',#2399);
#698=VERTEX_POINT('',#2401);
#699=VERTEX_POINT('',#2403);
#700=VERTEX_POINT('',#2405);
#701=VERTEX_POINT('',#2407);
#702=VERTEX_POINT('',#2409);
#703=VERTEX_POINT('',#2479);
#704=EDGE_CURVE('',#569,#569,#451,.T.);
#705=EDGE_CURVE('',#569,#570,#277,.T.);
#706=EDGE_CURVE('',#570,#570,#452,.T.);
#707=EDGE_CURVE('',#571,#572,#453,.T.);
#708=EDGE_CURVE('',#572,#573,#454,.T.);
#709=EDGE_CURVE('',#573,#574,#455,.T.);
#710=EDGE_CURVE('',#574,#575,#456,.T.);
#711=EDGE_CURVE('',#575,#576,#457,.T.);
#712=EDGE_CURVE('',#576,#577,#458,.T.);
#713=EDGE_CURVE('',#577,#578,#459,.T.);
#714=EDGE_CURVE('',#578,#579,#278,.T.);
#715=EDGE_CURVE('',#579,#580,#460,.T.);
#716=EDGE_CURVE('',#580,#581,#279,.T.);
#717=EDGE_CURVE('',#581,#582,#461,.T.);
#718=EDGE_CURVE('',#582,#571,#462,.T.);
#719=EDGE_CURVE('',#583,#583,#463,.T.);
#720=EDGE_CURVE('',#584,#584,#464,.T.);
#721=EDGE_CURVE('',#585,#585,#465,.T.);
#722=EDGE_CURVE('',#586,#586,#466,.T.);
#723=EDGE_CURVE('',#587,#587,#467,.T.);
#724=EDGE_CURVE('',#588,#588,#468,.T.);
#725=EDGE_CURVE('',#589,#589,#469,.T.);
#726=EDGE_CURVE('',#590,#591,#470,.T.);
#727=EDGE_CURVE('',#591,#592,#471,.T.);
#728=EDGE_CURVE('',#592,#593,#472,.T.);
#729=EDGE_CURVE('',#593,#594,#280,.T.);
#730=EDGE_CURVE('',#594,#595,#473,.T.);
#731=EDGE_CURVE('',#595,#596,#474,.T.);
#732=EDGE_CURVE('',#596,#597,#475,.T.);
#733=EDGE_CURVE('',#597,#590,#281,.T.);
#734=EDGE_CURVE('',#598,#599,#476,.T.);
#735=EDGE_CURVE('',#599,#600,#477,.T.);
#736=EDGE_CURVE('',#600,#601,#478,.T.);
#737=EDGE_CURVE('',#601,#602,#282,.T.);
#738=EDGE_CURVE('',#602,#603,#479,.T.);
#739=EDGE_CURVE('',#603,#604,#480,.T.);
#740=EDGE_CURVE('',#604,#605,#481,.T.);
#741=EDGE_CURVE('',#605,#598,#283,.T.);
#742=EDGE_CURVE('',#606,#607,#482,.T.);
#743=EDGE_CURVE('',#607,#608,#284,.T.);
#744=EDGE_CURVE('',#608,#609,#483,.T.);
#745=EDGE_CURVE('',#609,#610,#484,.T.);
#746=EDGE_CURVE('',#610,#611,#485,.T.);
#747=EDGE_CURVE('',#611,#612,#285,.T.);
#748=EDGE_CURVE('',#612,#613,#486,.T.);
#749=EDGE_CURVE('',#613,#606,#487,.T.);
#750=EDGE_CURVE('',#614,#614,#488,.T.);
#751=EDGE_CURVE('',#615,#615,#489,.T.);
#752=EDGE_CURVE('',#570,#616,#286,.T.);
#753=EDGE_CURVE('',#616,#616,#490,.T.);
#754=EDGE_CURVE('',#583,#617,#287,.T.);
#755=EDGE_CURVE('',#617,#617,#491,.T.);
#756=EDGE_CURVE('',#617,#618,#288,.T.);
#757=EDGE_CURVE('',#618,#618,#492,.T.);
#758=EDGE_CURVE('',#615,#619,#289,.T.);
#759=EDGE_CURVE('',#619,#619,#493,.T.);
#760=EDGE_CURVE('',#619,#620,#290,.T.);
#761=EDGE_CURVE('',#620,#620,#494,.T.);
#762=EDGE_CURVE('',#584,#621,#291,.T.);
#763=EDGE_CURVE('',#621,#621,#495,.T.);
#764=EDGE_CURVE('',#621,#622,#292,.T.);
#765=EDGE_CURVE('',#622,#622,#496,.T.);
#766=EDGE_CURVE('',#614,#623,#293,.T.);
#767=EDGE_CURVE('',#623,#623,#497,.T.);
#768=EDGE_CURVE('',#623,#624,#294,.T.);
#769=EDGE_CURVE('',#624,#624,#498,.T.);
#770=EDGE_CURVE('',#585,#625,#295,.T.);
#771=EDGE_CURVE('',#625,#625,#499,.T.);
#772=EDGE_CURVE('',#625,#626,#296,.T.);
#773=EDGE_CURVE('',#626,#626,#500,.T.);
#774=EDGE_CURVE('',#627,#628,#297,.T.);
#775=EDGE_CURVE('',#627,#629,#501,.T.);
#776=EDGE_CURVE('',#629,#630,#298,.T.);
#777=EDGE_CURVE('',#628,#630,#502,.T.);
#778=EDGE_CURVE('',#631,#632,#503,.T.);
#779=EDGE_CURVE('',#633,#631,#504,.T.);
#780=EDGE_CURVE('',#633,#634,#505,.T.);
#781=EDGE_CURVE('',#635,#634,#506,.T.);
#782=EDGE_CURVE('',#635,#636,#507,.T.);
#783=EDGE_CURVE('',#637,#636,#508,.T.);
#784=EDGE_CURVE('',#637,#638,#509,.T.);
#785=EDGE_CURVE('',#639,#638,#510,.T.);
#786=EDGE_CURVE('',#639,#640,#511,.T.);
#787=EDGE_CURVE('',#641,#640,#512,.T.);
#788=EDGE_CURVE('',#641,#642,#513,.T.);
#789=EDGE_CURVE('',#643,#642,#514,.T.);
#790=EDGE_CURVE('',#643,#644,#515,.T.);
#791=EDGE_CURVE('',#645,#644,#516,.T.);
#792=EDGE_CURVE('',#645,#646,#517,.T.);
#793=EDGE_CURVE('',#647,#646,#518,.T.);
#794=EDGE_CURVE('',#647,#629,#519,.T.);
#795=EDGE_CURVE('',#648,#627,#520,.T.);
#796=EDGE_CURVE('',#649,#648,#521,.T.);
#797=EDGE_CURVE('',#650,#649,#522,.T.);
#798=EDGE_CURVE('',#632,#650,#523,.T.);
#799=EDGE_CURVE('',#651,#651,#524,.T.);
#800=EDGE_CURVE('',#652,#652,#525,.T.);
#801=EDGE_CURVE('',#653,#653,#526,.T.);
#802=EDGE_CURVE('',#654,#654,#527,.T.);
#803=EDGE_CURVE('',#647,#655,#299,.T.);
#804=EDGE_CURVE('',#630,#655,#528,.T.);
#805=EDGE_CURVE('',#646,#656,#300,.T.);
#806=EDGE_CURVE('',#655,#656,#529,.T.);
#807=EDGE_CURVE('',#645,#657,#301,.T.);
#808=EDGE_CURVE('',#656,#657,#530,.T.);
#809=EDGE_CURVE('',#644,#658,#302,.T.);
#810=EDGE_CURVE('',#657,#658,#531,.T.);
#811=EDGE_CURVE('',#643,#659,#303,.T.);
#812=EDGE_CURVE('',#658,#659,#532,.T.);
#813=EDGE_CURVE('',#642,#660,#304,.T.);
#814=EDGE_CURVE('',#659,#660,#533,.T.);
#815=EDGE_CURVE('',#641,#661,#305,.T.);
#816=EDGE_CURVE('',#660,#661,#534,.T.);
#817=EDGE_CURVE('',#640,#662,#306,.T.);
#818=EDGE_CURVE('',#661,#662,#535,.T.);
#819=EDGE_CURVE('',#639,#663,#307,.T.);
#820=EDGE_CURVE('',#662,#663,#536,.T.);
#821=EDGE_CURVE('',#638,#664,#308,.T.);
#822=EDGE_CURVE('',#663,#664,#537,.T.);
#823=EDGE_CURVE('',#637,#665,#309,.T.);
#824=EDGE_CURVE('',#664,#665,#538,.T.);
#825=EDGE_CURVE('',#636,#666,#310,.T.);
#826=EDGE_CURVE('',#665,#666,#539,.T.);
#827=EDGE_CURVE('',#635,#667,#311,.T.);
#828=EDGE_CURVE('',#666,#667,#540,.T.);
#829=EDGE_CURVE('',#634,#668,#312,.T.);
#830=EDGE_CURVE('',#667,#668,#541,.T.);
#831=EDGE_CURVE('',#633,#669,#313,.T.);
#832=EDGE_CURVE('',#668,#669,#542,.T.);
#833=EDGE_CURVE('',#670,#631,#314,.T.);
#834=EDGE_CURVE('',#669,#670,#543,.T.);
#835=EDGE_CURVE('',#632,#572,#315,.T.);
#836=EDGE_CURVE('',#671,#571,#316,.T.);
#837=EDGE_CURVE('',#670,#671,#544,.T.);
#838=EDGE_CURVE('',#650,#573,#317,.T.);
#839=EDGE_CURVE('',#649,#574,#318,.T.);
#840=EDGE_CURVE('',#648,#575,#319,.T.);
#841=EDGE_CURVE('',#672,#628,#545,.T.);
#842=EDGE_CURVE('',#672,#576,#320,.T.);
#843=EDGE_CURVE('',#671,#673,#546,.T.);
#844=EDGE_CURVE('',#673,#674,#547,.T.);
#845=EDGE_CURVE('',#674,#675,#321,.T.);
#846=EDGE_CURVE('',#675,#676,#548,.T.);
#847=EDGE_CURVE('',#676,#677,#322,.T.);
#848=EDGE_CURVE('',#677,#678,#549,.T.);
#849=EDGE_CURVE('',#678,#672,#550,.T.);
#850=EDGE_CURVE('',#679,#680,#551,.T.);
#851=EDGE_CURVE('',#680,#681,#552,.T.);
#852=EDGE_CURVE('',#681,#682,#553,.T.);
#853=EDGE_CURVE('',#682,#683,#323,.T.);
#854=EDGE_CURVE('',#683,#684,#554,.T.);
#855=EDGE_CURVE('',#684,#685,#555,.T.);
#856=EDGE_CURVE('',#685,#686,#556,.T.);
#857=EDGE_CURVE('',#686,#679,#324,.T.);
#858=EDGE_CURVE('',#687,#688,#557,.T.);
#859=EDGE_CURVE('',#688,#689,#325,.T.);
#860=EDGE_CURVE('',#689,#690,#558,.T.);
#861=EDGE_CURVE('',#690,#691,#559,.T.);
#862=EDGE_CURVE('',#691,#692,#560,.T.);
#863=EDGE_CURVE('',#692,#693,#326,.T.);
#864=EDGE_CURVE('',#693,#694,#561,.T.);
#865=EDGE_CURVE('',#694,#687,#562,.T.);
#866=EDGE_CURVE('',#695,#696,#563,.T.);
#867=EDGE_CURVE('',#696,#697,#327,.T.);
#868=EDGE_CURVE('',#697,#698,#564,.T.);
#869=EDGE_CURVE('',#698,#699,#565,.T.);
#870=EDGE_CURVE('',#699,#700,#566,.T.);
#871=EDGE_CURVE('',#700,#701,#328,.T.);
#872=EDGE_CURVE('',#701,#702,#567,.T.);
#873=EDGE_CURVE('',#702,#695,#568,.T.);
#874=EDGE_CURVE('',#606,#680,#329,.T.);
#875=EDGE_CURVE('',#681,#613,#330,.T.);
#876=EDGE_CURVE('',#682,#612,#331,.T.);
#877=EDGE_CURVE('',#683,#611,#332,.T.);
#878=EDGE_CURVE('',#684,#610,#333,.T.);
#879=EDGE_CURVE('',#685,#609,#334,.T.);
#880=EDGE_CURVE('',#686,#608,#335,.T.);
#881=EDGE_CURVE('',#679,#607,#336,.T.);
#882=EDGE_CURVE('',#598,#688,#337,.T.);
#883=EDGE_CURVE('',#689,#605,#338,.T.);
#884=EDGE_CURVE('',#690,#604,#339,.T.);
#885=EDGE_CURVE('',#691,#603,#340,.T.);
#886=EDGE_CURVE('',#692,#602,#341,.T.);
#887=EDGE_CURVE('',#693,#601,#342,.T.);
#888=EDGE_CURVE('',#694,#600,#343,.T.);
#889=EDGE_CURVE('',#687,#599,#344,.T.);
#890=EDGE_CURVE('',#590,#696,#345,.T.);
#891=EDGE_CURVE('',#697,#597,#346,.T.);
#892=EDGE_CURVE('',#698,#596,#347,.T.);
#893=EDGE_CURVE('',#699,#595,#348,.T.);
#894=EDGE_CURVE('',#700,#594,#349,.T.);
#895=EDGE_CURVE('',#701,#593,#350,.T.);
#896=EDGE_CURVE('',#702,#592,#351,.T.);
#897=EDGE_CURVE('',#695,#591,#352,.T.);
#898=EDGE_CURVE('',#589,#654,#353,.T.);
#899=EDGE_CURVE('',#588,#653,#354,.T.);
#900=EDGE_CURVE('',#587,#652,#355,.T.);
#901=EDGE_CURVE('',#586,#651,#356,.T.);
#902=EDGE_CURVE('',#673,#582,#357,.T.);
#903=EDGE_CURVE('',#674,#581,#358,.T.);
#904=EDGE_CURVE('',#675,#580,#359,.T.);
#905=EDGE_CURVE('',#676,#579,#360,.T.);
#906=EDGE_CURVE('',#578,#677,#361,.T.);
#907=EDGE_CURVE('',#703,#577,#362,.T.);
#908=EDGE_CURVE('',#703,#678,#363,.T.);
#909=ORIENTED_EDGE('',*,*,#704,.T.);
#910=ORIENTED_EDGE('',*,*,#705,.T.);
#911=ORIENTED_EDGE('',*,*,#706,.T.);
#912=ORIENTED_EDGE('',*,*,#705,.F.);
#913=ORIENTED_EDGE('',*,*,#707,.T.);
#914=ORIENTED_EDGE('',*,*,#708,.T.);
#915=ORIENTED_EDGE('',*,*,#709,.T.);
#916=ORIENTED_EDGE('',*,*,#710,.T.);
#917=ORIENTED_EDGE('',*,*,#711,.T.);
#918=ORIENTED_EDGE('',*,*,#712,.T.);
#919=ORIENTED_EDGE('',*,*,#713,.T.);
#920=ORIENTED_EDGE('',*,*,#714,.T.);
#921=ORIENTED_EDGE('',*,*,#715,.T.);
#922=ORIENTED_EDGE('',*,*,#716,.T.);
#923=ORIENTED_EDGE('',*,*,#717,.T.);
#924=ORIENTED_EDGE('',*,*,#718,.T.);
#925=ORIENTED_EDGE('',*,*,#719,.F.);
#926=ORIENTED_EDGE('',*,*,#720,.F.);
#927=ORIENTED_EDGE('',*,*,#721,.F.);
#928=ORIENTED_EDGE('',*,*,#722,.T.);
#929=ORIENTED_EDGE('',*,*,#723,.T.);
#930=ORIENTED_EDGE('',*,*,#724,.T.);
#931=ORIENTED_EDGE('',*,*,#725,.T.);
#932=ORIENTED_EDGE('',*,*,#726,.T.);
#933=ORIENTED_EDGE('',*,*,#727,.T.);
#934=ORIENTED_EDGE('',*,*,#728,.T.);
#935=ORIENTED_EDGE('',*,*,#729,.T.);
#936=ORIENTED_EDGE('',*,*,#730,.T.);
#937=ORIENTED_EDGE('',*,*,#731,.T.);
#938=ORIENTED_EDGE('',*,*,#732,.T.);
#939=ORIENTED_EDGE('',*,*,#733,.T.);
#940=ORIENTED_EDGE('',*,*,#734,.T.);
#941=ORIENTED_EDGE('',*,*,#735,.T.);
#942=ORIENTED_EDGE('',*,*,#736,.T.);
#943=ORIENTED_EDGE('',*,*,#737,.T.);
#944=ORIENTED_EDGE('',*,*,#738,.T.);
#945=ORIENTED_EDGE('',*,*,#739,.T.);
#946=ORIENTED_EDGE('',*,*,#740,.T.);
#947=ORIENTED_EDGE('',*,*,#741,.T.);
#948=ORIENTED_EDGE('',*,*,#742,.T.);
#949=ORIENTED_EDGE('',*,*,#743,.T.);
#950=ORIENTED_EDGE('',*,*,#744,.T.);
#951=ORIENTED_EDGE('',*,*,#745,.T.);
#952=ORIENTED_EDGE('',*,*,#746,.T.);
#953=ORIENTED_EDGE('',*,*,#747,.T.);
#954=ORIENTED_EDGE('',*,*,#748,.T.);
#955=ORIENTED_EDGE('',*,*,#749,.T.);
#956=ORIENTED_EDGE('',*,*,#750,.F.);
#957=ORIENTED_EDGE('',*,*,#751,.F.);
#958=ORIENTED_EDGE('',*,*,#704,.F.);
#959=ORIENTED_EDGE('',*,*,#706,.F.);
#960=ORIENTED_EDGE('',*,*,#752,.T.);
#961=ORIENTED_EDGE('',*,*,#753,.F.);
#962=ORIENTED_EDGE('',*,*,#752,.F.);
#963=ORIENTED_EDGE('',*,*,#719,.T.);
#964=ORIENTED_EDGE('',*,*,#754,.T.);
#965=ORIENTED_EDGE('',*,*,#755,.T.);
#966=ORIENTED_EDGE('',*,*,#754,.F.);
#967=ORIENTED_EDGE('',*,*,#755,.F.);
#968=ORIENTED_EDGE('',*,*,#756,.T.);
#969=ORIENTED_EDGE('',*,*,#757,.F.);
#970=ORIENTED_EDGE('',*,*,#756,.F.);
#971=ORIENTED_EDGE('',*,*,#751,.T.);
#972=ORIENTED_EDGE('',*,*,#758,.T.);
#973=ORIENTED_EDGE('',*,*,#759,.T.);
#974=ORIENTED_EDGE('',*,*,#758,.F.);
#975=ORIENTED_EDGE('',*,*,#759,.F.);
#976=ORIENTED_EDGE('',*,*,#760,.T.);
#977=ORIENTED_EDGE('',*,*,#761,.F.);
#978=ORIENTED_EDGE('',*,*,#760,.F.);
#979=ORIENTED_EDGE('',*,*,#720,.T.);
#980=ORIENTED_EDGE('',*,*,#762,.T.);
#981=ORIENTED_EDGE('',*,*,#763,.T.);
#982=ORIENTED_EDGE('',*,*,#762,.F.);
#983=ORIENTED_EDGE('',*,*,#763,.F.);
#984=ORIENTED_EDGE('',*,*,#764,.T.);
#985=ORIENTED_EDGE('',*,*,#765,.F.);
#986=ORIENTED_EDGE('',*,*,#764,.F.);
#987=ORIENTED_EDGE('',*,*,#750,.T.);
#988=ORIENTED_EDGE('',*,*,#766,.T.);
#989=ORIENTED_EDGE('',*,*,#767,.T.);
#990=ORIENTED_EDGE('',*,*,#766,.F.);
#991=ORIENTED_EDGE('',*,*,#767,.F.);
#992=ORIENTED_EDGE('',*,*,#768,.T.);
#993=ORIENTED_EDGE('',*,*,#769,.F.);
#994=ORIENTED_EDGE('',*,*,#768,.F.);
#995=ORIENTED_EDGE('',*,*,#721,.T.);
#996=ORIENTED_EDGE('',*,*,#770,.T.);
#997=ORIENTED_EDGE('',*,*,#771,.T.);
#998=ORIENTED_EDGE('',*,*,#770,.F.);
#999=ORIENTED_EDGE('',*,*,#771,.F.);
#1000=ORIENTED_EDGE('',*,*,#772,.T.);
#1001=ORIENTED_EDGE('',*,*,#773,.F.);
#1002=ORIENTED_EDGE('',*,*,#772,.F.);
#1003=ORIENTED_EDGE('',*,*,#774,.F.);
#1004=ORIENTED_EDGE('',*,*,#775,.T.);
#1005=ORIENTED_EDGE('',*,*,#776,.T.);
#1006=ORIENTED_EDGE('',*,*,#777,.F.);
#1007=ORIENTED_EDGE('',*,*,#778,.F.);
#1008=ORIENTED_EDGE('',*,*,#779,.F.);
#1009=ORIENTED_EDGE('',*,*,#780,.T.);
#1010=ORIENTED_EDGE('',*,*,#781,.F.);
#1011=ORIENTED_EDGE('',*,*,#782,.T.);
#1012=ORIENTED_EDGE('',*,*,#783,.F.);
#1013=ORIENTED_EDGE('',*,*,#784,.T.);
#1014=ORIENTED_EDGE('',*,*,#785,.F.);
#1015=ORIENTED_EDGE('',*,*,#786,.T.);
#1016=ORIENTED_EDGE('',*,*,#787,.F.);
#1017=ORIENTED_EDGE('',*,*,#788,.T.);
#1018=ORIENTED_EDGE('',*,*,#789,.F.);
#1019=ORIENTED_EDGE('',*,*,#790,.T.);
#1020=ORIENTED_EDGE('',*,*,#791,.F.);
#1021=ORIENTED_EDGE('',*,*,#792,.T.);
#1022=ORIENTED_EDGE('',*,*,#793,.F.);
#1023=ORIENTED_EDGE('',*,*,#794,.T.);
#1024=ORIENTED_EDGE('',*,*,#775,.F.);
#1025=ORIENTED_EDGE('',*,*,#795,.F.);
#1026=ORIENTED_EDGE('',*,*,#796,.F.);
#1027=ORIENTED_EDGE('',*,*,#797,.F.);
#1028=ORIENTED_EDGE('',*,*,#798,.F.);
#1029=ORIENTED_EDGE('',*,*,#799,.F.);
#1030=ORIENTED_EDGE('',*,*,#800,.F.);
#1031=ORIENTED_EDGE('',*,*,#801,.F.);
#1032=ORIENTED_EDGE('',*,*,#802,.F.);
#1033=ORIENTED_EDGE('',*,*,#794,.F.);
#1034=ORIENTED_EDGE('',*,*,#803,.T.);
#1035=ORIENTED_EDGE('',*,*,#804,.F.);
#1036=ORIENTED_EDGE('',*,*,#776,.F.);
#1037=ORIENTED_EDGE('',*,*,#793,.T.);
#1038=ORIENTED_EDGE('',*,*,#805,.T.);
#1039=ORIENTED_EDGE('',*,*,#806,.F.);
#1040=ORIENTED_EDGE('',*,*,#803,.F.);
#1041=ORIENTED_EDGE('',*,*,#792,.F.);
#1042=ORIENTED_EDGE('',*,*,#807,.T.);
#1043=ORIENTED_EDGE('',*,*,#808,.F.);
#1044=ORIENTED_EDGE('',*,*,#805,.F.);
#1045=ORIENTED_EDGE('',*,*,#791,.T.);
#1046=ORIENTED_EDGE('',*,*,#809,.T.);
#1047=ORIENTED_EDGE('',*,*,#810,.F.);
#1048=ORIENTED_EDGE('',*,*,#807,.F.);
#1049=ORIENTED_EDGE('',*,*,#790,.F.);
#1050=ORIENTED_EDGE('',*,*,#811,.T.);
#1051=ORIENTED_EDGE('',*,*,#812,.F.);
#1052=ORIENTED_EDGE('',*,*,#809,.F.);
#1053=ORIENTED_EDGE('',*,*,#789,.T.);
#1054=ORIENTED_EDGE('',*,*,#813,.T.);
#1055=ORIENTED_EDGE('',*,*,#814,.F.);
#1056=ORIENTED_EDGE('',*,*,#811,.F.);
#1057=ORIENTED_EDGE('',*,*,#788,.F.);
#1058=ORIENTED_EDGE('',*,*,#815,.T.);
#1059=ORIENTED_EDGE('',*,*,#816,.F.);
#1060=ORIENTED_EDGE('',*,*,#813,.F.);
#1061=ORIENTED_EDGE('',*,*,#787,.T.);
#1062=ORIENTED_EDGE('',*,*,#817,.T.);
#1063=ORIENTED_EDGE('',*,*,#818,.F.);
#1064=ORIENTED_EDGE('',*,*,#815,.F.);
#1065=ORIENTED_EDGE('',*,*,#786,.F.);
#1066=ORIENTED_EDGE('',*,*,#819,.T.);
#1067=ORIENTED_EDGE('',*,*,#820,.F.);
#1068=ORIENTED_EDGE('',*,*,#817,.F.);
#1069=ORIENTED_EDGE('',*,*,#785,.T.);
#1070=ORIENTED_EDGE('',*,*,#821,.T.);
#1071=ORIENTED_EDGE('',*,*,#822,.F.);
#1072=ORIENTED_EDGE('',*,*,#819,.F.);
#1073=ORIENTED_EDGE('',*,*,#784,.F.);
#1074=ORIENTED_EDGE('',*,*,#823,.T.);
#1075=ORIENTED_EDGE('',*,*,#824,.F.);
#1076=ORIENTED_EDGE('',*,*,#821,.F.);
#1077=ORIENTED_EDGE('',*,*,#783,.T.);
#1078=ORIENTED_EDGE('',*,*,#825,.T.);
#1079=ORIENTED_EDGE('',*,*,#826,.F.);
#1080=ORIENTED_EDGE('',*,*,#823,.F.);
#1081=ORIENTED_EDGE('',*,*,#782,.F.);
#1082=ORIENTED_EDGE('',*,*,#827,.T.);
#1083=ORIENTED_EDGE('',*,*,#828,.F.);
#1084=ORIENTED_EDGE('',*,*,#825,.F.);
#1085=ORIENTED_EDGE('',*,*,#781,.T.);
#1086=ORIENTED_EDGE('',*,*,#829,.T.);
#1087=ORIENTED_EDGE('',*,*,#830,.F.);
#1088=ORIENTED_EDGE('',*,*,#827,.F.);
#1089=ORIENTED_EDGE('',*,*,#780,.F.);
#1090=ORIENTED_EDGE('',*,*,#831,.T.);
#1091=ORIENTED_EDGE('',*,*,#832,.F.);
#1092=ORIENTED_EDGE('',*,*,#829,.F.);
#1093=ORIENTED_EDGE('',*,*,#833,.F.);
#1094=ORIENTED_EDGE('',*,*,#834,.F.);
#1095=ORIENTED_EDGE('',*,*,#831,.F.);
#1096=ORIENTED_EDGE('',*,*,#779,.T.);
#1097=ORIENTED_EDGE('',*,*,#833,.T.);
#1098=ORIENTED_EDGE('',*,*,#778,.T.);
#1099=ORIENTED_EDGE('',*,*,#835,.T.);
#1100=ORIENTED_EDGE('',*,*,#707,.F.);
#1101=ORIENTED_EDGE('',*,*,#836,.F.);
#1102=ORIENTED_EDGE('',*,*,#837,.F.);
#1103=ORIENTED_EDGE('',*,*,#798,.T.);
#1104=ORIENTED_EDGE('',*,*,#838,.T.);
#1105=ORIENTED_EDGE('',*,*,#708,.F.);
#1106=ORIENTED_EDGE('',*,*,#835,.F.);
#1107=ORIENTED_EDGE('',*,*,#797,.T.);
#1108=ORIENTED_EDGE('',*,*,#839,.T.);
#1109=ORIENTED_EDGE('',*,*,#709,.F.);
#1110=ORIENTED_EDGE('',*,*,#838,.F.);
#1111=ORIENTED_EDGE('',*,*,#796,.T.);
#1112=ORIENTED_EDGE('',*,*,#840,.T.);
#1113=ORIENTED_EDGE('',*,*,#710,.F.);
#1114=ORIENTED_EDGE('',*,*,#839,.F.);
#1115=ORIENTED_EDGE('',*,*,#795,.T.);
#1116=ORIENTED_EDGE('',*,*,#774,.T.);
#1117=ORIENTED_EDGE('',*,*,#841,.F.);
#1118=ORIENTED_EDGE('',*,*,#842,.T.);
#1119=ORIENTED_EDGE('',*,*,#711,.F.);
#1120=ORIENTED_EDGE('',*,*,#840,.F.);
#1121=ORIENTED_EDGE('',*,*,#834,.T.);
#1122=ORIENTED_EDGE('',*,*,#837,.T.);
#1123=ORIENTED_EDGE('',*,*,#843,.T.);
#1124=ORIENTED_EDGE('',*,*,#844,.T.);
#1125=ORIENTED_EDGE('',*,*,#845,.T.);
#1126=ORIENTED_EDGE('',*,*,#846,.T.);
#1127=ORIENTED_EDGE('',*,*,#847,.T.);
#1128=ORIENTED_EDGE('',*,*,#848,.T.);
#1129=ORIENTED_EDGE('',*,*,#849,.T.);
#1130=ORIENTED_EDGE('',*,*,#841,.T.);
#1131=ORIENTED_EDGE('',*,*,#777,.T.);
#1132=ORIENTED_EDGE('',*,*,#804,.T.);
#1133=ORIENTED_EDGE('',*,*,#806,.T.);
#1134=ORIENTED_EDGE('',*,*,#808,.T.);
#1135=ORIENTED_EDGE('',*,*,#810,.T.);
#1136=ORIENTED_EDGE('',*,*,#812,.T.);
#1137=ORIENTED_EDGE('',*,*,#814,.T.);
#1138=ORIENTED_EDGE('',*,*,#816,.T.);
#1139=ORIENTED_EDGE('',*,*,#818,.T.);
#1140=ORIENTED_EDGE('',*,*,#820,.T.);
#1141=ORIENTED_EDGE('',*,*,#822,.T.);
#1142=ORIENTED_EDGE('',*,*,#824,.T.);
#1143=ORIENTED_EDGE('',*,*,#826,.T.);
#1144=ORIENTED_EDGE('',*,*,#828,.T.);
#1145=ORIENTED_EDGE('',*,*,#830,.T.);
#1146=ORIENTED_EDGE('',*,*,#832,.T.);
#1147=ORIENTED_EDGE('',*,*,#761,.T.);
#1148=ORIENTED_EDGE('',*,*,#757,.T.);
#1149=ORIENTED_EDGE('',*,*,#753,.T.);
#1150=ORIENTED_EDGE('',*,*,#769,.T.);
#1151=ORIENTED_EDGE('',*,*,#850,.T.);
#1152=ORIENTED_EDGE('',*,*,#851,.T.);
#1153=ORIENTED_EDGE('',*,*,#852,.T.);
#1154=ORIENTED_EDGE('',*,*,#853,.T.);
#1155=ORIENTED_EDGE('',*,*,#854,.T.);
#1156=ORIENTED_EDGE('',*,*,#855,.T.);
#1157=ORIENTED_EDGE('',*,*,#856,.T.);
#1158=ORIENTED_EDGE('',*,*,#857,.T.);
#1159=ORIENTED_EDGE('',*,*,#858,.T.);
#1160=ORIENTED_EDGE('',*,*,#859,.T.);
#1161=ORIENTED_EDGE('',*,*,#860,.T.);
#1162=ORIENTED_EDGE('',*,*,#861,.T.);
#1163=ORIENTED_EDGE('',*,*,#862,.T.);
#1164=ORIENTED_EDGE('',*,*,#863,.T.);
#1165=ORIENTED_EDGE('',*,*,#864,.T.);
#1166=ORIENTED_EDGE('',*,*,#865,.T.);
#1167=ORIENTED_EDGE('',*,*,#866,.T.);
#1168=ORIENTED_EDGE('',*,*,#867,.T.);
#1169=ORIENTED_EDGE('',*,*,#868,.T.);
#1170=ORIENTED_EDGE('',*,*,#869,.T.);
#1171=ORIENTED_EDGE('',*,*,#870,.T.);
#1172=ORIENTED_EDGE('',*,*,#871,.T.);
#1173=ORIENTED_EDGE('',*,*,#872,.T.);
#1174=ORIENTED_EDGE('',*,*,#873,.T.);
#1175=ORIENTED_EDGE('',*,*,#773,.T.);
#1176=ORIENTED_EDGE('',*,*,#765,.T.);
#1177=ORIENTED_EDGE('',*,*,#874,.F.);
#1178=ORIENTED_EDGE('',*,*,#749,.F.);
#1179=ORIENTED_EDGE('',*,*,#875,.F.);
#1180=ORIENTED_EDGE('',*,*,#851,.F.);
#1181=ORIENTED_EDGE('',*,*,#875,.T.);
#1182=ORIENTED_EDGE('',*,*,#748,.F.);
#1183=ORIENTED_EDGE('',*,*,#876,.F.);
#1184=ORIENTED_EDGE('',*,*,#852,.F.);
#1185=ORIENTED_EDGE('',*,*,#876,.T.);
#1186=ORIENTED_EDGE('',*,*,#747,.F.);
#1187=ORIENTED_EDGE('',*,*,#877,.F.);
#1188=ORIENTED_EDGE('',*,*,#853,.F.);
#1189=ORIENTED_EDGE('',*,*,#877,.T.);
#1190=ORIENTED_EDGE('',*,*,#746,.F.);
#1191=ORIENTED_EDGE('',*,*,#878,.F.);
#1192=ORIENTED_EDGE('',*,*,#854,.F.);
#1193=ORIENTED_EDGE('',*,*,#878,.T.);
#1194=ORIENTED_EDGE('',*,*,#745,.F.);
#1195=ORIENTED_EDGE('',*,*,#879,.F.);
#1196=ORIENTED_EDGE('',*,*,#855,.F.);
#1197=ORIENTED_EDGE('',*,*,#879,.T.);
#1198=ORIENTED_EDGE('',*,*,#744,.F.);
#1199=ORIENTED_EDGE('',*,*,#880,.F.);
#1200=ORIENTED_EDGE('',*,*,#856,.F.);
#1201=ORIENTED_EDGE('',*,*,#880,.T.);
#1202=ORIENTED_EDGE('',*,*,#743,.F.);
#1203=ORIENTED_EDGE('',*,*,#881,.F.);
#1204=ORIENTED_EDGE('',*,*,#857,.F.);
#1205=ORIENTED_EDGE('',*,*,#881,.T.);
#1206=ORIENTED_EDGE('',*,*,#742,.F.);
#1207=ORIENTED_EDGE('',*,*,#874,.T.);
#1208=ORIENTED_EDGE('',*,*,#850,.F.);
#1209=ORIENTED_EDGE('',*,*,#882,.F.);
#1210=ORIENTED_EDGE('',*,*,#741,.F.);
#1211=ORIENTED_EDGE('',*,*,#883,.F.);
#1212=ORIENTED_EDGE('',*,*,#859,.F.);
#1213=ORIENTED_EDGE('',*,*,#883,.T.);
#1214=ORIENTED_EDGE('',*,*,#740,.F.);
#1215=ORIENTED_EDGE('',*,*,#884,.F.);
#1216=ORIENTED_EDGE('',*,*,#860,.F.);
#1217=ORIENTED_EDGE('',*,*,#884,.T.);
#1218=ORIENTED_EDGE('',*,*,#739,.F.);
#1219=ORIENTED_EDGE('',*,*,#885,.F.);
#1220=ORIENTED_EDGE('',*,*,#861,.F.);
#1221=ORIENTED_EDGE('',*,*,#885,.T.);
#1222=ORIENTED_EDGE('',*,*,#738,.F.);
#1223=ORIENTED_EDGE('',*,*,#886,.F.);
#1224=ORIENTED_EDGE('',*,*,#862,.F.);
#1225=ORIENTED_EDGE('',*,*,#886,.T.);
#1226=ORIENTED_EDGE('',*,*,#737,.F.);
#1227=ORIENTED_EDGE('',*,*,#887,.F.);
#1228=ORIENTED_EDGE('',*,*,#863,.F.);
#1229=ORIENTED_EDGE('',*,*,#887,.T.);
#1230=ORIENTED_EDGE('',*,*,#736,.F.);
#1231=ORIENTED_EDGE('',*,*,#888,.F.);
#1232=ORIENTED_EDGE('',*,*,#864,.F.);
#1233=ORIENTED_EDGE('',*,*,#888,.T.);
#1234=ORIENTED_EDGE('',*,*,#735,.F.);
#1235=ORIENTED_EDGE('',*,*,#889,.F.);
#1236=ORIENTED_EDGE('',*,*,#865,.F.);
#1237=ORIENTED_EDGE('',*,*,#889,.T.);
#1238=ORIENTED_EDGE('',*,*,#734,.F.);
#1239=ORIENTED_EDGE('',*,*,#882,.T.);
#1240=ORIENTED_EDGE('',*,*,#858,.F.);
#1241=ORIENTED_EDGE('',*,*,#890,.F.);
#1242=ORIENTED_EDGE('',*,*,#733,.F.);
#1243=ORIENTED_EDGE('',*,*,#891,.F.);
#1244=ORIENTED_EDGE('',*,*,#867,.F.);
#1245=ORIENTED_EDGE('',*,*,#891,.T.);
#1246=ORIENTED_EDGE('',*,*,#732,.F.);
#1247=ORIENTED_EDGE('',*,*,#892,.F.);
#1248=ORIENTED_EDGE('',*,*,#868,.F.);
#1249=ORIENTED_EDGE('',*,*,#892,.T.);
#1250=ORIENTED_EDGE('',*,*,#731,.F.);
#1251=ORIENTED_EDGE('',*,*,#893,.F.);
#1252=ORIENTED_EDGE('',*,*,#869,.F.);
#1253=ORIENTED_EDGE('',*,*,#893,.T.);
#1254=ORIENTED_EDGE('',*,*,#730,.F.);
#1255=ORIENTED_EDGE('',*,*,#894,.F.);
#1256=ORIENTED_EDGE('',*,*,#870,.F.);
#1257=ORIENTED_EDGE('',*,*,#894,.T.);
#1258=ORIENTED_EDGE('',*,*,#729,.F.);
#1259=ORIENTED_EDGE('',*,*,#895,.F.);
#1260=ORIENTED_EDGE('',*,*,#871,.F.);
#1261=ORIENTED_EDGE('',*,*,#895,.T.);
#1262=ORIENTED_EDGE('',*,*,#728,.F.);
#1263=ORIENTED_EDGE('',*,*,#896,.F.);
#1264=ORIENTED_EDGE('',*,*,#872,.F.);
#1265=ORIENTED_EDGE('',*,*,#896,.T.);
#1266=ORIENTED_EDGE('',*,*,#727,.F.);
#1267=ORIENTED_EDGE('',*,*,#897,.F.);
#1268=ORIENTED_EDGE('',*,*,#873,.F.);
#1269=ORIENTED_EDGE('',*,*,#897,.T.);
#1270=ORIENTED_EDGE('',*,*,#726,.F.);
#1271=ORIENTED_EDGE('',*,*,#890,.T.);
#1272=ORIENTED_EDGE('',*,*,#866,.F.);
#1273=ORIENTED_EDGE('',*,*,#725,.F.);
#1274=ORIENTED_EDGE('',*,*,#898,.T.);
#1275=ORIENTED_EDGE('',*,*,#802,.T.);
#1276=ORIENTED_EDGE('',*,*,#898,.F.);
#1277=ORIENTED_EDGE('',*,*,#724,.F.);
#1278=ORIENTED_EDGE('',*,*,#899,.T.);
#1279=ORIENTED_EDGE('',*,*,#801,.T.);
#1280=ORIENTED_EDGE('',*,*,#899,.F.);
#1281=ORIENTED_EDGE('',*,*,#723,.F.);
#1282=ORIENTED_EDGE('',*,*,#900,.T.);
#1283=ORIENTED_EDGE('',*,*,#800,.T.);
#1284=ORIENTED_EDGE('',*,*,#900,.F.);
#1285=ORIENTED_EDGE('',*,*,#722,.F.);
#1286=ORIENTED_EDGE('',*,*,#901,.T.);
#1287=ORIENTED_EDGE('',*,*,#799,.T.);
#1288=ORIENTED_EDGE('',*,*,#901,.F.);
#1289=ORIENTED_EDGE('',*,*,#836,.T.);
#1290=ORIENTED_EDGE('',*,*,#718,.F.);
#1291=ORIENTED_EDGE('',*,*,#902,.F.);
#1292=ORIENTED_EDGE('',*,*,#843,.F.);
#1293=ORIENTED_EDGE('',*,*,#902,.T.);
#1294=ORIENTED_EDGE('',*,*,#717,.F.);
#1295=ORIENTED_EDGE('',*,*,#903,.F.);
#1296=ORIENTED_EDGE('',*,*,#844,.F.);
#1297=ORIENTED_EDGE('',*,*,#903,.T.);
#1298=ORIENTED_EDGE('',*,*,#716,.F.);
#1299=ORIENTED_EDGE('',*,*,#904,.F.);
#1300=ORIENTED_EDGE('',*,*,#845,.F.);
#1301=ORIENTED_EDGE('',*,*,#904,.T.);
#1302=ORIENTED_EDGE('',*,*,#715,.F.);
#1303=ORIENTED_EDGE('',*,*,#905,.F.);
#1304=ORIENTED_EDGE('',*,*,#846,.F.);
#1305=ORIENTED_EDGE('',*,*,#905,.T.);
#1306=ORIENTED_EDGE('',*,*,#714,.F.);
#1307=ORIENTED_EDGE('',*,*,#906,.T.);
#1308=ORIENTED_EDGE('',*,*,#847,.F.);
#1309=ORIENTED_EDGE('',*,*,#906,.F.);
#1310=ORIENTED_EDGE('',*,*,#713,.F.);
#1311=ORIENTED_EDGE('',*,*,#907,.F.);
#1312=ORIENTED_EDGE('',*,*,#908,.T.);
#1313=ORIENTED_EDGE('',*,*,#848,.F.);
#1314=ORIENTED_EDGE('',*,*,#907,.T.);
#1315=ORIENTED_EDGE('',*,*,#712,.F.);
#1316=ORIENTED_EDGE('',*,*,#842,.F.);
#1317=ORIENTED_EDGE('',*,*,#849,.F.);
#1318=ORIENTED_EDGE('',*,*,#908,.F.);
#1319=CONICAL_SURFACE('',#1411,2.64999999999999,0.785398163397446);
#1320=CONICAL_SURFACE('',#1454,2.64999999999999,0.785398163397446);
#1321=CONICAL_SURFACE('',#1458,2.64999999999999,0.785398163397446);
#1322=CONICAL_SURFACE('',#1462,2.64999999999999,0.785398163397446);
#1323=CONICAL_SURFACE('',#1466,2.64999999999999,0.785398163397446);
#1324=CONICAL_SURFACE('',#1470,2.64999999999999,0.785398163397446);
#1325=ADVANCED_FACE('',(#107),#1319,.F.);
#1326=ADVANCED_FACE('',(#108,#70,#71,#72,#73,#74,#75,#76,#77,#78,#79,#80,
#81,#82),#96,.T.);
#1327=ADVANCED_FACE('',(#109),#15,.F.);
#1328=ADVANCED_FACE('',(#110),#1320,.F.);
#1329=ADVANCED_FACE('',(#111),#16,.F.);
#1330=ADVANCED_FACE('',(#112),#1321,.F.);
#1331=ADVANCED_FACE('',(#113),#17,.F.);
#1332=ADVANCED_FACE('',(#114),#1322,.F.);
#1333=ADVANCED_FACE('',(#115),#18,.F.);
#1334=ADVANCED_FACE('',(#116),#1323,.F.);
#1335=ADVANCED_FACE('',(#117),#19,.F.);
#1336=ADVANCED_FACE('',(#118),#1324,.F.);
#1337=ADVANCED_FACE('',(#119),#20,.F.);
#1338=ADVANCED_FACE('',(#120),#21,.F.);
#1339=ADVANCED_FACE('',(#121,#83,#84,#85,#86),#97,.F.);
#1340=ADVANCED_FACE('',(#122),#22,.T.);
#1341=ADVANCED_FACE('',(#123),#23,.F.);
#1342=ADVANCED_FACE('',(#124),#24,.T.);
#1343=ADVANCED_FACE('',(#125),#25,.F.);
#1344=ADVANCED_FACE('',(#126),#26,.T.);
#1345=ADVANCED_FACE('',(#127),#27,.F.);
#1346=ADVANCED_FACE('',(#128),#28,.T.);
#1347=ADVANCED_FACE('',(#129),#29,.F.);
#1348=ADVANCED_FACE('',(#130),#30,.T.);
#1349=ADVANCED_FACE('',(#131),#31,.F.);
#1350=ADVANCED_FACE('',(#132),#32,.T.);
#1351=ADVANCED_FACE('',(#133),#33,.F.);
#1352=ADVANCED_FACE('',(#134),#34,.T.);
#1353=ADVANCED_FACE('',(#135),#35,.F.);
#1354=ADVANCED_FACE('',(#136),#36,.T.);
#1355=ADVANCED_FACE('',(#137),#37,.F.);
#1356=ADVANCED_FACE('',(#138),#38,.T.);
#1357=ADVANCED_FACE('',(#139),#39,.T.);
#1358=ADVANCED_FACE('',(#140),#40,.F.);
#1359=ADVANCED_FACE('',(#141),#41,.T.);
#1360=ADVANCED_FACE('',(#142),#42,.T.);
#1361=ADVANCED_FACE('',(#143,#87,#88,#89,#90,#91,#92,#93,#94,#95),#98,.F.);
#1362=ADVANCED_FACE('',(#144),#43,.T.);
#1363=ADVANCED_FACE('',(#145),#44,.F.);
#1364=ADVANCED_FACE('',(#146),#99,.T.);
#1365=ADVANCED_FACE('',(#147),#45,.F.);
#1366=ADVANCED_FACE('',(#148),#46,.T.);
#1367=ADVANCED_FACE('',(#149),#47,.F.);
#1368=ADVANCED_FACE('',(#150),#100,.T.);
#1369=ADVANCED_FACE('',(#151),#48,.F.);
#1370=ADVANCED_FACE('',(#152),#101,.T.);
#1371=ADVANCED_FACE('',(#153),#49,.F.);
#1372=ADVANCED_FACE('',(#154),#50,.T.);
#1373=ADVANCED_FACE('',(#155),#51,.F.);
#1374=ADVANCED_FACE('',(#156),#102,.T.);
#1375=ADVANCED_FACE('',(#157),#52,.F.);
#1376=ADVANCED_FACE('',(#158),#53,.T.);
#1377=ADVANCED_FACE('',(#159),#54,.F.);
#1378=ADVANCED_FACE('',(#160),#103,.T.);
#1379=ADVANCED_FACE('',(#161),#55,.F.);
#1380=ADVANCED_FACE('',(#162),#56,.T.);
#1381=ADVANCED_FACE('',(#163),#57,.F.);
#1382=ADVANCED_FACE('',(#164),#104,.T.);
#1383=ADVANCED_FACE('',(#165),#58,.F.);
#1384=ADVANCED_FACE('',(#166),#59,.T.);
#1385=ADVANCED_FACE('',(#167),#60,.F.);
#1386=ADVANCED_FACE('',(#168),#61,.F.);
#1387=ADVANCED_FACE('',(#169),#62,.F.);
#1388=ADVANCED_FACE('',(#170),#63,.F.);
#1389=ADVANCED_FACE('',(#171),#64,.F.);
#1390=ADVANCED_FACE('',(#172),#65,.T.);
#1391=ADVANCED_FACE('',(#173),#66,.F.);
#1392=ADVANCED_FACE('',(#174),#105,.T.);
#1393=ADVANCED_FACE('',(#175),#67,.T.);
#1394=ADVANCED_FACE('',(#176),#106,.T.);
#1395=ADVANCED_FACE('',(#177),#68,.F.);
#1396=ADVANCED_FACE('',(#178),#69,.T.);
#1397=CLOSED_SHELL('',(#1325,#1326,#1327,#1328,#1329,#1330,#1331,#1332,
#1333,#1334,#1335,#1336,#1337,#1338,#1339,#1340,#1341,#1342,#1343,#1344,
#1345,#1346,#1347,#1348,#1349,#1350,#1351,#1352,#1353,#1354,#1355,#1356,
#1357,#1358,#1359,#1360,#1361,#1362,#1363,#1364,#1365,#1366,#1367,#1368,
#1369,#1370,#1371,#1372,#1373,#1374,#1375,#1376,#1377,#1378,#1379,#1380,
#1381,#1382,#1383,#1384,#1385,#1386,#1387,#1388,#1389,#1390,#1391,#1392,
#1393,#1394,#1395,#1396));
#1398=DERIVED_UNIT_ELEMENT(#1400,1.);
#1399=DERIVED_UNIT_ELEMENT(#2488,-3.);
#1400=(
MASS_UNIT()
NAMED_UNIT(*)
SI_UNIT(.KILO.,.GRAM.)
);
#1401=DERIVED_UNIT((#1398,#1399));
#1402=MEASURE_REPRESENTATION_ITEM('density measure',
POSITIVE_RATIO_MEASURE(7850.),#1401);
#1403=PROPERTY_DEFINITION_REPRESENTATION(#1408,#1405);
#1404=PROPERTY_DEFINITION_REPRESENTATION(#1409,#1406);
#1405=REPRESENTATION('material name',(#1407),#2485);
#1406=REPRESENTATION('density',(#1402),#2485);
#1407=DESCRIPTIVE_REPRESENTATION_ITEM('Steel','Steel');
#1408=PROPERTY_DEFINITION('material property','material name',#2495);
#1409=PROPERTY_DEFINITION('material property','density of part',#2495);
#1410=AXIS2_PLACEMENT_3D('',#2070,#1601,#1602);
#1411=AXIS2_PLACEMENT_3D('',#2071,#1603,#1604);
#1412=AXIS2_PLACEMENT_3D('',#2073,#1605,#1606);
#1413=AXIS2_PLACEMENT_3D('',#2076,#1608,#1609);
#1414=AXIS2_PLACEMENT_3D('',#2077,#1610,#1611);
#1415=AXIS2_PLACEMENT_3D('',#2080,#1612,#1613);
#1416=AXIS2_PLACEMENT_3D('',#2082,#1614,#1615);
#1417=AXIS2_PLACEMENT_3D('',#2084,#1616,#1617);
#1418=AXIS2_PLACEMENT_3D('',#2086,#1618,#1619);
#1419=AXIS2_PLACEMENT_3D('',#2088,#1620,#1621);
#1420=AXIS2_PLACEMENT_3D('',#2090,#1622,#1623);
#1421=AXIS2_PLACEMENT_3D('',#2092,#1624,#1625);
#1422=AXIS2_PLACEMENT_3D('',#2096,#1627,#1628);
#1423=AXIS2_PLACEMENT_3D('',#2100,#1630,#1631);
#1424=AXIS2_PLACEMENT_3D('',#2101,#1632,#1633);
#1425=AXIS2_PLACEMENT_3D('',#2103,#1634,#1635);
#1426=AXIS2_PLACEMENT_3D('',#2105,#1636,#1637);
#1427=AXIS2_PLACEMENT_3D('',#2107,#1638,#1639);
#1428=AXIS2_PLACEMENT_3D('',#2109,#1640,#1641);
#1429=AXIS2_PLACEMENT_3D('',#2111,#1642,#1643);
#1430=AXIS2_PLACEMENT_3D('',#2113,#1644,#1645);
#1431=AXIS2_PLACEMENT_3D('',#2115,#1646,#1647);
#1432=AXIS2_PLACEMENT_3D('',#2118,#1648,#1649);
#1433=AXIS2_PLACEMENT_3D('',#2120,#1650,#1651);
#1434=AXIS2_PLACEMENT_3D('',#2122,#1652,#1653);
#1435=AXIS2_PLACEMENT_3D('',#2126,#1655,#1656);
#1436=AXIS2_PLACEMENT_3D('',#2128,#1657,#1658);
#1437=AXIS2_PLACEMENT_3D('',#2130,#1659,#1660);
#1438=AXIS2_PLACEMENT_3D('',#2134,#1662,#1663);
#1439=AXIS2_PLACEMENT_3D('',#2136,#1664,#1665);
#1440=AXIS2_PLACEMENT_3D('',#2138,#1666,#1667);
#1441=AXIS2_PLACEMENT_3D('',#2142,#1669,#1670);
#1442=AXIS2_PLACEMENT_3D('',#2144,#1671,#1672);
#1443=AXIS2_PLACEMENT_3D('',#2146,#1673,#1674);
#1444=AXIS2_PLACEMENT_3D('',#2150,#1676,#1677);
#1445=AXIS2_PLACEMENT_3D('',#2154,#1679,#1680);
#1446=AXIS2_PLACEMENT_3D('',#2156,#1681,#1682);
#1447=AXIS2_PLACEMENT_3D('',#2158,#1683,#1684);
#1448=AXIS2_PLACEMENT_3D('',#2162,#1686,#1687);
#1449=AXIS2_PLACEMENT_3D('',#2163,#1688,#1689);
#1450=AXIS2_PLACEMENT_3D('',#2165,#1690,#1691);
#1451=AXIS2_PLACEMENT_3D('',#2167,#1692,#1693);
#1452=AXIS2_PLACEMENT_3D('',#2168,#1694,#1695);
#1453=AXIS2_PLACEMENT_3D('',#2171,#1697,#1698);
#1454=AXIS2_PLACEMENT_3D('',#2172,#1699,#1700);
#1455=AXIS2_PLACEMENT_3D('',#2175,#1702,#1703);
#1456=AXIS2_PLACEMENT_3D('',#2176,#1704,#1705);
#1457=AXIS2_PLACEMENT_3D('',#2179,#1707,#1708);
#1458=AXIS2_PLACEMENT_3D('',#2180,#1709,#1710);
#1459=AXIS2_PLACEMENT_3D('',#2183,#1712,#1713);
#1460=AXIS2_PLACEMENT_3D('',#2184,#1714,#1715);
#1461=AXIS2_PLACEMENT_3D('',#2187,#1717,#1718);
#1462=AXIS2_PLACEMENT_3D('',#2188,#1719,#1720);
#1463=AXIS2_PLACEMENT_3D('',#2191,#1722,#1723);
#1464=AXIS2_PLACEMENT_3D('',#2192,#1724,#1725);
#1465=AXIS2_PLACEMENT_3D('',#2195,#1727,#1728);
#1466=AXIS2_PLACEMENT_3D('',#2196,#1729,#1730);
#1467=AXIS2_PLACEMENT_3D('',#2199,#1732,#1733);
#1468=AXIS2_PLACEMENT_3D('',#2200,#1734,#1735);
#1469=AXIS2_PLACEMENT_3D('',#2203,#1737,#1738);
#1470=AXIS2_PLACEMENT_3D('',#2204,#1739,#1740);
#1471=AXIS2_PLACEMENT_3D('',#2207,#1742,#1743);
#1472=AXIS2_PLACEMENT_3D('',#2208,#1744,#1745);
#1473=AXIS2_PLACEMENT_3D('',#2211,#1747,#1748);
#1474=AXIS2_PLACEMENT_3D('',#2212,#1749,#1750);
#1475=AXIS2_PLACEMENT_3D('',#2217,#1752,#1753);
#1476=AXIS2_PLACEMENT_3D('',#2220,#1755,#1756);
#1477=AXIS2_PLACEMENT_3D('',#2221,#1757,#1758);
#1478=AXIS2_PLACEMENT_3D('',#2224,#1759,#1760);
#1479=AXIS2_PLACEMENT_3D('',#2226,#1761,#1762);
#1480=AXIS2_PLACEMENT_3D('',#2228,#1763,#1764);
#1481=AXIS2_PLACEMENT_3D('',#2230,#1765,#1766);
#1482=AXIS2_PLACEMENT_3D('',#2232,#1767,#1768);
#1483=AXIS2_PLACEMENT_3D('',#2234,#1769,#1770);
#1484=AXIS2_PLACEMENT_3D('',#2236,#1771,#1772);
#1485=AXIS2_PLACEMENT_3D('',#2238,#1773,#1774);
#1486=AXIS2_PLACEMENT_3D('',#2240,#1775,#1776);
#1487=AXIS2_PLACEMENT_3D('',#2242,#1777,#1778);
#1488=AXIS2_PLACEMENT_3D('',#2244,#1779,#1780);
#1489=AXIS2_PLACEMENT_3D('',#2246,#1781,#1782);
#1490=AXIS2_PLACEMENT_3D('',#2248,#1783,#1784);
#1491=AXIS2_PLACEMENT_3D('',#2250,#1785,#1786);
#1492=AXIS2_PLACEMENT_3D('',#2252,#1787,#1788);
#1493=AXIS2_PLACEMENT_3D('',#2254,#1789,#1790);
#1494=AXIS2_PLACEMENT_3D('',#2255,#1791,#1792);
#1495=AXIS2_PLACEMENT_3D('',#2257,#1793,#1794);
#1496=AXIS2_PLACEMENT_3D('',#2259,#1795,#1796);
#1497=AXIS2_PLACEMENT_3D('',#2261,#1797,#1798);
#1498=AXIS2_PLACEMENT_3D('',#2262,#1799,#1800);
#1499=AXIS2_PLACEMENT_3D('',#2264,#1801,#1802);
#1500=AXIS2_PLACEMENT_3D('',#2266,#1803,#1804);
#1501=AXIS2_PLACEMENT_3D('',#2268,#1805,#1806);
#1502=AXIS2_PLACEMENT_3D('',#2270,#1807,#1808);
#1503=AXIS2_PLACEMENT_3D('',#2271,#1809,#1810);
#1504=AXIS2_PLACEMENT_3D('',#2274,#1812,#1813);
#1505=AXIS2_PLACEMENT_3D('',#2275,#1814,#1815);
#1506=AXIS2_PLACEMENT_3D('',#2278,#1817,#1818);
#1507=AXIS2_PLACEMENT_3D('',#2279,#1819,#1820);
#1508=AXIS2_PLACEMENT_3D('',#2282,#1822,#1823);
#1509=AXIS2_PLACEMENT_3D('',#2283,#1824,#1825);
#1510=AXIS2_PLACEMENT_3D('',#2286,#1827,#1828);
#1511=AXIS2_PLACEMENT_3D('',#2287,#1829,#1830);
#1512=AXIS2_PLACEMENT_3D('',#2290,#1832,#1833);
#1513=AXIS2_PLACEMENT_3D('',#2291,#1834,#1835);
#1514=AXIS2_PLACEMENT_3D('',#2294,#1837,#1838);
#1515=AXIS2_PLACEMENT_3D('',#2295,#1839,#1840);
#1516=AXIS2_PLACEMENT_3D('',#2298,#1842,#1843);
#1517=AXIS2_PLACEMENT_3D('',#2299,#1844,#1845);
#1518=AXIS2_PLACEMENT_3D('',#2302,#1847,#1848);
#1519=AXIS2_PLACEMENT_3D('',#2303,#1849,#1850);
#1520=AXIS2_PLACEMENT_3D('',#2306,#1852,#1853);
#1521=AXIS2_PLACEMENT_3D('',#2307,#1854,#1855);
#1522=AXIS2_PLACEMENT_3D('',#2310,#1857,#1858);
#1523=AXIS2_PLACEMENT_3D('',#2311,#1859,#1860);
#1524=AXIS2_PLACEMENT_3D('',#2314,#1862,#1863);
#1525=AXIS2_PLACEMENT_3D('',#2315,#1864,#1865);
#1526=AXIS2_PLACEMENT_3D('',#2318,#1867,#1868);
#1527=AXIS2_PLACEMENT_3D('',#2319,#1869,#1870);
#1528=AXIS2_PLACEMENT_3D('',#2322,#1872,#1873);
#1529=AXIS2_PLACEMENT_3D('',#2323,#1874,#1875);
#1530=AXIS2_PLACEMENT_3D('',#2326,#1877,#1878);
#1531=AXIS2_PLACEMENT_3D('',#2327,#1879,#1880);
#1532=AXIS2_PLACEMENT_3D('',#2330,#1882,#1883);
#1533=AXIS2_PLACEMENT_3D('',#2331,#1884,#1885);
#1534=AXIS2_PLACEMENT_3D('',#2334,#1887,#1888);
#1535=AXIS2_PLACEMENT_3D('',#2335,#1889,#1890);
#1536=AXIS2_PLACEMENT_3D('',#2339,#1893,#1894);
#1537=AXIS2_PLACEMENT_3D('',#2340,#1895,#1896);
#1538=AXIS2_PLACEMENT_3D('',#2342,#1898,#1899);
#1539=AXIS2_PLACEMENT_3D('',#2344,#1901,#1902);
#1540=AXIS2_PLACEMENT_3D('',#2346,#1904,#1905);
#1541=AXIS2_PLACEMENT_3D('',#2348,#1906,#1907);
#1542=AXIS2_PLACEMENT_3D('',#2350,#1909,#1910);
#1543=AXIS2_PLACEMENT_3D('',#2352,#1911,#1912);
#1544=AXIS2_PLACEMENT_3D('',#2354,#1913,#1914);
#1545=AXIS2_PLACEMENT_3D('',#2358,#1916,#1917);
#1546=AXIS2_PLACEMENT_3D('',#2362,#1919,#1920);
#1547=AXIS2_PLACEMENT_3D('',#2363,#1921,#1922);
#1548=AXIS2_PLACEMENT_3D('',#2366,#1923,#1924);
#1549=AXIS2_PLACEMENT_3D('',#2368,#1925,#1926);
#1550=AXIS2_PLACEMENT_3D('',#2370,#1927,#1928);
#1551=AXIS2_PLACEMENT_3D('',#2374,#1930,#1931);
#1552=AXIS2_PLACEMENT_3D('',#2376,#1932,#1933);
#1553=AXIS2_PLACEMENT_3D('',#2378,#1934,#1935);
#1554=AXIS2_PLACEMENT_3D('',#2382,#1937,#1938);
#1555=AXIS2_PLACEMENT_3D('',#2386,#1940,#1941);
#1556=AXIS2_PLACEMENT_3D('',#2388,#1942,#1943);
#1557=AXIS2_PLACEMENT_3D('',#2390,#1944,#1945);
#1558=AXIS2_PLACEMENT_3D('',#2394,#1947,#1948);
#1559=AXIS2_PLACEMENT_3D('',#2395,#1949,#1950);
#1560=AXIS2_PLACEMENT_3D('',#2398,#1951,#1952);
#1561=AXIS2_PLACEMENT_3D('',#2402,#1954,#1955);
#1562=AXIS2_PLACEMENT_3D('',#2404,#1956,#1957);
#1563=AXIS2_PLACEMENT_3D('',#2406,#1958,#1959);
#1564=AXIS2_PLACEMENT_3D('',#2410,#1961,#1962);
#1565=AXIS2_PLACEMENT_3D('',#2411,#1963,#1964);
#1566=AXIS2_PLACEMENT_3D('',#2412,#1965,#1966);
#1567=AXIS2_PLACEMENT_3D('',#2415,#1969,#1970);
#1568=AXIS2_PLACEMENT_3D('',#2417,#1972,#1973);
#1569=AXIS2_PLACEMENT_3D('',#2419,#1975,#1976);
#1570=AXIS2_PLACEMENT_3D('',#2421,#1978,#1979);
#1571=AXIS2_PLACEMENT_3D('',#2423,#1981,#1982);
#1572=AXIS2_PLACEMENT_3D('',#2425,#1984,#1985);
#1573=AXIS2_PLACEMENT_3D('',#2427,#1987,#1988);
#1574=AXIS2_PLACEMENT_3D('',#2428,#1989,#1990);
#1575=AXIS2_PLACEMENT_3D('',#2431,#1993,#1994);
#1576=AXIS2_PLACEMENT_3D('',#2433,#1996,#1997);
#1577=AXIS2_PLACEMENT_3D('',#2435,#1999,#2000);
#1578=AXIS2_PLACEMENT_3D('',#2437,#2002,#2003);
#1579=AXIS2_PLACEMENT_3D('',#2439,#2005,#2006);
#1580=AXIS2_PLACEMENT_3D('',#2441,#2008,#2009);
#1581=AXIS2_PLACEMENT_3D('',#2443,#2011,#2012);
#1582=AXIS2_PLACEMENT_3D('',#2444,#2013,#2014);
#1583=AXIS2_PLACEMENT_3D('',#2447,#2017,#2018);
#1584=AXIS2_PLACEMENT_3D('',#2449,#2020,#2021);
#1585=AXIS2_PLACEMENT_3D('',#2451,#2023,#2024);
#1586=AXIS2_PLACEMENT_3D('',#2453,#2026,#2027);
#1587=AXIS2_PLACEMENT_3D('',#2455,#2029,#2030);
#1588=AXIS2_PLACEMENT_3D('',#2457,#2032,#2033);
#1589=AXIS2_PLACEMENT_3D('',#2459,#2035,#2036);
#1590=AXIS2_PLACEMENT_3D('',#2460,#2037,#2038);
#1591=AXIS2_PLACEMENT_3D('',#2462,#2040,#2041);
#1592=AXIS2_PLACEMENT_3D('',#2464,#2043,#2044);
#1593=AXIS2_PLACEMENT_3D('',#2466,#2046,#2047);
#1594=AXIS2_PLACEMENT_3D('',#2468,#2049,#2050);
#1595=AXIS2_PLACEMENT_3D('',#2470,#2052,#2053);
#1596=AXIS2_PLACEMENT_3D('',#2472,#2055,#2056);
#1597=AXIS2_PLACEMENT_3D('',#2474,#2058,#2059);
#1598=AXIS2_PLACEMENT_3D('',#2476,#2061,#2062);
#1599=AXIS2_PLACEMENT_3D('',#2478,#2064,#2065);
#1600=AXIS2_PLACEMENT_3D('',#2482,#2068,#2069);
#1601=DIRECTION('axis',(0.,0.,1.));
#1602=DIRECTION('refdir',(1.,0.,0.));
#1603=DIRECTION('center_axis',(0.,0.,-1.));
#1604=DIRECTION('ref_axis',(1.,0.,0.));
#1605=DIRECTION('center_axis',(0.,0.,-1.));
#1606=DIRECTION('ref_axis',(1.,0.,0.));
#1607=DIRECTION('',(0.707106781186546,-8.65956056235491E-17,0.707106781186549));
#1608=DIRECTION('center_axis',(0.,0.,1.));
#1609=DIRECTION('ref_axis',(1.,0.,0.));
#1610=DIRECTION('center_axis',(0.,0.,-1.));
#1611=DIRECTION('ref_axis',(1.,0.,0.));
#1612=DIRECTION('center_axis',(0.,0.,-1.));
#1613=DIRECTION('ref_axis',(-0.588635571761898,-0.808398517846578,0.));
#1614=DIRECTION('center_axis',(0.,0.,-1.));
#1615=DIRECTION('ref_axis',(-0.322393357864631,0.946605790603865,0.));
#1616=DIRECTION('center_axis',(0.,0.,1.));
#1617=DIRECTION('ref_axis',(0.948610291864661,-0.316446700359543,0.));
#1618=DIRECTION('center_axis',(0.,0.,-1.));
#1619=DIRECTION('ref_axis',(-0.948610291864661,0.316446700359544,0.));
#1620=DIRECTION('center_axis',(0.,0.,-1.));
#1621=DIRECTION('ref_axis',(-0.353009073874365,0.935619898122289,0.));
#1622=DIRECTION('center_axis',(0.,0.,-1.));
#1623=DIRECTION('ref_axis',(0.994411877695834,-0.105569964940058,0.));
#1624=DIRECTION('center_axis',(0.,0.,1.));
#1625=DIRECTION('ref_axis',(-0.913970890274571,-0.405779757665053,0.));
#1626=DIRECTION('',(0.405779757666245,-0.913970890274041,0.));
#1627=DIRECTION('center_axis',(0.,0.,-1.));
#1628=DIRECTION('ref_axis',(0.913970890274041,0.405779757666247,0.));
#1629=DIRECTION('',(-0.40577975766827,0.913970890273142,0.));
#1630=DIRECTION('center_axis',(0.,0.,1.));
#1631=DIRECTION('ref_axis',(0.374258766194137,0.92732431000532,0.));
#1632=DIRECTION('center_axis',(0.,0.,-1.));
#1633=DIRECTION('ref_axis',(0.994411877695834,-0.105569964940058,0.));
#1634=DIRECTION('center_axis',(0.,0.,-1.));
#1635=DIRECTION('ref_axis',(1.,0.,0.));
#1636=DIRECTION('center_axis',(0.,0.,-1.));
#1637=DIRECTION('ref_axis',(1.,0.,0.));
#1638=DIRECTION('center_axis',(0.,0.,-1.));
#1639=DIRECTION('ref_axis',(1.,0.,0.));
#1640=DIRECTION('center_axis',(0.,0.,1.));
#1641=DIRECTION('ref_axis',(1.,0.,0.));
#1642=DIRECTION('center_axis',(0.,0.,1.));
#1643=DIRECTION('ref_axis',(1.,0.,0.));
#1644=DIRECTION('center_axis',(0.,0.,1.));
#1645=DIRECTION('ref_axis',(1.,0.,0.));
#1646=DIRECTION('center_axis',(0.,0.,1.));
#1647=DIRECTION('ref_axis',(1.,0.,0.));
#1648=DIRECTION('center_axis',(0.,0.,1.));
#1649=DIRECTION('ref_axis',(0.658461684176833,0.752614250775926,0.));
#1650=DIRECTION('center_axis',(0.,0.,-1.));
#1651=DIRECTION('ref_axis',(-0.658461684176838,-0.752614250775922,0.));
#1652=DIRECTION('center_axis',(0.,0.,1.));
#1653=DIRECTION('ref_axis',(-0.913970890274065,-0.405779757666192,0.));
#1654=DIRECTION('',(0.405779757666244,-0.913970890274042,0.));
#1655=DIRECTION('center_axis',(0.,0.,1.));
#1656=DIRECTION('ref_axis',(0.855895120478295,-0.517149439467398,0.));
#1657=DIRECTION('center_axis',(0.,0.,-1.));
#1658=DIRECTION('ref_axis',(-0.855895120478652,0.517149439466808,0.));
#1659=DIRECTION('center_axis',(0.,0.,1.));
#1660=DIRECTION('ref_axis',(0.913970890274041,0.405779757666245,0.));
#1661=DIRECTION('',(-0.405779757666245,0.913970890274041,0.));
#1662=DIRECTION('center_axis',(0.,0.,1.));
#1663=DIRECTION('ref_axis',(-0.447808823468527,0.894129329361102,0.));
#1664=DIRECTION('center_axis',(0.,0.,-1.));
#1665=DIRECTION('ref_axis',(0.447808823468527,-0.894129329361102,0.));
#1666=DIRECTION('center_axis',(0.,0.,1.));
#1667=DIRECTION('ref_axis',(-0.913970890274041,-0.405779757666246,0.));
#1668=DIRECTION('',(0.405779757666245,-0.913970890274041,0.));
#1669=DIRECTION('center_axis',(0.,0.,1.));
#1670=DIRECTION('ref_axis',(0.494018231703053,-0.869451543644031,0.));
#1671=DIRECTION('center_axis',(0.,0.,-1.));
#1672=DIRECTION('ref_axis',(-0.494018231703056,0.86945154364403,0.));
#1673=DIRECTION('center_axis',(0.,0.,1.));
#1674=DIRECTION('ref_axis',(0.913970890274048,0.40577975766623,0.));
#1675=DIRECTION('',(-0.405779757666245,0.913970890274041,0.));
#1676=DIRECTION('center_axis',(0.,0.,1.));
#1677=DIRECTION('ref_axis',(0.91397089027526,0.405779757663499,0.));
#1678=DIRECTION('',(-0.405779757666246,0.913970890274041,0.));
#1679=DIRECTION('center_axis',(0.,0.,1.));
#1680=DIRECTION('ref_axis',(-0.999889859226348,-0.0148414762174767,0.));
#1681=DIRECTION('center_axis',(0.,0.,-1.));
#1682=DIRECTION('ref_axis',(0.999889859226351,0.0148414762172613,0.));
#1683=DIRECTION('center_axis',(0.,0.,1.));
#1684=DIRECTION('ref_axis',(-0.913970890274047,-0.405779757666232,0.));
#1685=DIRECTION('',(0.405779757666176,-0.913970890274072,0.));
#1686=DIRECTION('center_axis',(0.,0.,1.));
#1687=DIRECTION('ref_axis',(-0.139715911979552,-0.99019162990793,0.));
#1688=DIRECTION('center_axis',(0.,0.,-1.));
#1689=DIRECTION('ref_axis',(0.13971591197953,0.990191629907933,0.));
#1690=DIRECTION('center_axis',(0.,0.,-1.));
#1691=DIRECTION('ref_axis',(1.,0.,0.));
#1692=DIRECTION('center_axis',(0.,0.,-1.));
#1693=DIRECTION('ref_axis',(1.,0.,0.));
#1694=DIRECTION('center_axis',(0.,0.,-1.));
#1695=DIRECTION('ref_axis',(1.,0.,0.));
#1696=DIRECTION('',(0.,0.,1.));
#1697=DIRECTION('center_axis',(0.,0.,-1.));
#1698=DIRECTION('ref_axis',(1.,0.,0.));
#1699=DIRECTION('center_axis',(0.,0.,-1.));
#1700=DIRECTION('ref_axis',(1.,0.,0.));
#1701=DIRECTION('',(0.707106781186546,-8.65956056235491E-17,0.707106781186549));
#1702=DIRECTION('center_axis',(0.,0.,1.));
#1703=DIRECTION('ref_axis',(1.,0.,0.));
#1704=DIRECTION('center_axis',(0.,0.,-1.));
#1705=DIRECTION('ref_axis',(1.,0.,0.));
#1706=DIRECTION('',(0.,0.,1.));
#1707=DIRECTION('center_axis',(0.,0.,-1.));
#1708=DIRECTION('ref_axis',(1.,0.,0.));
#1709=DIRECTION('center_axis',(0.,0.,-1.));
#1710=DIRECTION('ref_axis',(1.,0.,0.));
#1711=DIRECTION('',(0.707106781186546,-8.65956056235491E-17,0.707106781186549));
#1712=DIRECTION('center_axis',(0.,0.,1.));
#1713=DIRECTION('ref_axis',(1.,0.,0.));
#1714=DIRECTION('center_axis',(0.,0.,-1.));
#1715=DIRECTION('ref_axis',(1.,0.,0.));
#1716=DIRECTION('',(0.,0.,1.));
#1717=DIRECTION('center_axis',(0.,0.,-1.));
#1718=DIRECTION('ref_axis',(1.,0.,0.));
#1719=DIRECTION('center_axis',(0.,0.,-1.));
#1720=DIRECTION('ref_axis',(1.,0.,0.));
#1721=DIRECTION('',(0.707106781186546,-8.65956056235491E-17,0.707106781186549));
#1722=DIRECTION('center_axis',(0.,0.,1.));
#1723=DIRECTION('ref_axis',(1.,0.,0.));
#1724=DIRECTION('center_axis',(0.,0.,-1.));
#1725=DIRECTION('ref_axis',(1.,0.,0.));
#1726=DIRECTION('',(0.,0.,1.));
#1727=DIRECTION('center_axis',(0.,0.,-1.));
#1728=DIRECTION('ref_axis',(1.,0.,0.));
#1729=DIRECTION('center_axis',(0.,0.,-1.));
#1730=DIRECTION('ref_axis',(1.,0.,0.));
#1731=DIRECTION('',(0.707106781186546,-8.65956056235491E-17,0.707106781186549));
#1732=DIRECTION('center_axis',(0.,0.,1.));
#1733=DIRECTION('ref_axis',(1.,0.,0.));
#1734=DIRECTION('center_axis',(0.,0.,-1.));
#1735=DIRECTION('ref_axis',(1.,0.,0.));
#1736=DIRECTION('',(0.,0.,1.));
#1737=DIRECTION('center_axis',(0.,0.,-1.));
#1738=DIRECTION('ref_axis',(1.,0.,0.));
#1739=DIRECTION('center_axis',(0.,0.,-1.));
#1740=DIRECTION('ref_axis',(1.,0.,0.));
#1741=DIRECTION('',(0.707106781186546,-8.65956056235491E-17,0.707106781186549));
#1742=DIRECTION('center_axis',(0.,0.,1.));
#1743=DIRECTION('ref_axis',(1.,0.,0.));
#1744=DIRECTION('center_axis',(0.,0.,-1.));
#1745=DIRECTION('ref_axis',(1.,0.,0.));
#1746=DIRECTION('',(0.,0.,1.));
#1747=DIRECTION('center_axis',(0.,0.,-1.));
#1748=DIRECTION('ref_axis',(1.,0.,0.));
#1749=DIRECTION('center_axis',(0.,0.,1.));
#1750=DIRECTION('ref_axis',(0.998259157143276,0.0589801252931546,0.));
#1751=DIRECTION('',(0.,0.,1.));
#1752=DIRECTION('center_axis',(0.,0.,-1.));
#1753=DIRECTION('ref_axis',(0.998259157143276,0.0589801252931546,0.));
#1754=DIRECTION('',(0.,0.,1.));
#1755=DIRECTION('center_axis',(0.,0.,-1.));
#1756=DIRECTION('ref_axis',(0.998259157143276,0.0589801252931546,0.));
#1757=DIRECTION('center_axis',(0.,0.,-1.));
#1758=DIRECTION('ref_axis',(1.,0.,0.));
#1759=DIRECTION('center_axis',(0.,0.,-1.));
#1760=DIRECTION('ref_axis',(-0.588635571761898,-0.808398517846578,0.));
#1761=DIRECTION('center_axis',(0.,0.,-1.));
#1762=DIRECTION('ref_axis',(-0.686101885541832,-0.727505465722384,0.));
#1763=DIRECTION('center_axis',(0.,0.,-1.));
#1764=DIRECTION('ref_axis',(0.686101885789021,0.727505465489263,0.));
#1765=DIRECTION('center_axis',(0.,0.,-1.));
#1766=DIRECTION('ref_axis',(0.844058136318281,-0.536251678332955,0.));
#1767=DIRECTION('center_axis',(0.,0.,-1.));
#1768=DIRECTION('ref_axis',(-0.844058136313923,0.536251678339813,0.));
#1769=DIRECTION('center_axis',(0.,0.,-1.));
#1770=DIRECTION('ref_axis',(-0.0579530374932834,-0.998319310363824,0.));
#1771=DIRECTION('center_axis',(0.,0.,-1.));
#1772=DIRECTION('ref_axis',(0.0579530376050517,0.998319310357336,0.));
#1773=DIRECTION('center_axis',(0.,0.,-1.));
#1774=DIRECTION('ref_axis',(0.99128197950219,0.131757493579001,0.));
#1775=DIRECTION('center_axis',(0.,0.,-1.));
#1776=DIRECTION('ref_axis',(-0.991281979502697,-0.131757493575187,0.));
#1777=DIRECTION('center_axis',(0.,0.,-1.));
#1778=DIRECTION('ref_axis',(0.597312680877248,-0.802008454608326,0.));
#1779=DIRECTION('center_axis',(0.,0.,-1.));
#1780=DIRECTION('ref_axis',(-0.597312680858171,0.802008454622534,0.));
#1781=DIRECTION('center_axis',(0.,0.,-1.));
#1782=DIRECTION('ref_axis',(0.674673967606077,0.738115869924685,0.));
#1783=DIRECTION('center_axis',(0.,0.,-1.));
#1784=DIRECTION('ref_axis',(-0.674673967607815,-0.738115869923096,0.));
#1785=DIRECTION('center_axis',(0.,0.,-1.));
#1786=DIRECTION('ref_axis',(0.973089157475805,-0.230428929613945,0.));
#1787=DIRECTION('center_axis',(0.,0.,-1.));
#1788=DIRECTION('ref_axis',(-0.973089157500397,0.230428929510094,0.));
#1789=DIRECTION('center_axis',(0.,0.,-1.));
#1790=DIRECTION('ref_axis',(0.0423785081027037,0.99910162748891,0.));
#1791=DIRECTION('center_axis',(0.,0.,-1.));
#1792=DIRECTION('ref_axis',(-0.042378508104951,-0.999101627488815,0.));
#1793=DIRECTION('center_axis',(0.,0.,-1.));
#1794=DIRECTION('ref_axis',(-0.353009073874365,0.935619898122289,0.));
#1795=DIRECTION('center_axis',(0.,0.,-1.));
#1796=DIRECTION('ref_axis',(-0.948610291864661,0.316446700359544,0.));
#1797=DIRECTION('center_axis',(0.,0.,1.));
#1798=DIRECTION('ref_axis',(0.948610291864661,-0.316446700359543,0.));
#1799=DIRECTION('center_axis',(0.,0.,-1.));
#1800=DIRECTION('ref_axis',(-0.322393357864631,0.946605790603865,0.));
#1801=DIRECTION('center_axis',(0.,0.,1.));
#1802=DIRECTION('ref_axis',(1.,0.,0.));
#1803=DIRECTION('center_axis',(0.,0.,1.));
#1804=DIRECTION('ref_axis',(1.,0.,0.));
#1805=DIRECTION('center_axis',(0.,0.,1.));
#1806=DIRECTION('ref_axis',(1.,0.,0.));
#1807=DIRECTION('center_axis',(0.,0.,1.));
#1808=DIRECTION('ref_axis',(1.,0.,0.));
#1809=DIRECTION('center_axis',(0.,0.,1.));
#1810=DIRECTION('ref_axis',(-0.042378508104951,-0.999101627488815,0.));
#1811=DIRECTION('',(0.,0.,1.));
#1812=DIRECTION('center_axis',(0.,0.,1.));
#1813=DIRECTION('ref_axis',(-0.042378508104951,-0.999101627488815,0.));
#1814=DIRECTION('center_axis',(0.,0.,1.));
#1815=DIRECTION('ref_axis',(0.994411888113806,-0.105569866808362,0.));
#1816=DIRECTION('',(0.,0.,1.));
#1817=DIRECTION('center_axis',(0.,0.,-1.));
#1818=DIRECTION('ref_axis',(0.0423785081027037,0.99910162748891,0.));
#1819=DIRECTION('center_axis',(0.,0.,1.));
#1820=DIRECTION('ref_axis',(-0.973089157500397,0.230428929510094,0.));
#1821=DIRECTION('',(0.,0.,1.));
#1822=DIRECTION('center_axis',(0.,0.,1.));
#1823=DIRECTION('ref_axis',(-0.973089157500397,0.230428929510094,0.));
#1824=DIRECTION('center_axis',(0.,0.,1.));
#1825=DIRECTION('ref_axis',(0.973089157475805,-0.230428929613945,0.));
#1826=DIRECTION('',(0.,0.,1.));
#1827=DIRECTION('center_axis',(0.,0.,-1.));
#1828=DIRECTION('ref_axis',(0.973089157475805,-0.230428929613945,0.));
#1829=DIRECTION('center_axis',(0.,0.,1.));
#1830=DIRECTION('ref_axis',(-0.674673967607815,-0.738115869923096,0.));
#1831=DIRECTION('',(0.,0.,1.));
#1832=DIRECTION('center_axis',(0.,0.,1.));
#1833=DIRECTION('ref_axis',(-0.674673967607815,-0.738115869923096,0.));
#1834=DIRECTION('center_axis',(0.,0.,1.));
#1835=DIRECTION('ref_axis',(0.69390469966221,-0.720066849526277,0.));
#1836=DIRECTION('',(0.,0.,1.));
#1837=DIRECTION('center_axis',(0.,0.,-1.));
#1838=DIRECTION('ref_axis',(0.674673967606077,0.738115869924685,0.));
#1839=DIRECTION('center_axis',(0.,0.,1.));
#1840=DIRECTION('ref_axis',(-0.597312680858171,0.802008454622534,0.));
#1841=DIRECTION('',(0.,0.,1.));
#1842=DIRECTION('center_axis',(0.,0.,1.));
#1843=DIRECTION('ref_axis',(-0.597312680858171,0.802008454622534,0.));
#1844=DIRECTION('center_axis',(0.,0.,1.));
#1845=DIRECTION('ref_axis',(0.597312680877248,-0.802008454608326,0.));
#1846=DIRECTION('',(0.,0.,1.));
#1847=DIRECTION('center_axis',(0.,0.,-1.));
#1848=DIRECTION('ref_axis',(0.597312680877248,-0.802008454608326,0.));
#1849=DIRECTION('center_axis',(0.,0.,1.));
#1850=DIRECTION('ref_axis',(-0.991281979502697,-0.131757493575187,0.));
#1851=DIRECTION('',(0.,0.,1.));
#1852=DIRECTION('center_axis',(0.,0.,1.));
#1853=DIRECTION('ref_axis',(-0.991281979502697,-0.131757493575187,0.));
#1854=DIRECTION('center_axis',(0.,0.,1.));
#1855=DIRECTION('ref_axis',(0.0687117892030109,-0.9976365520692,0.));
#1856=DIRECTION('',(0.,0.,1.));
#1857=DIRECTION('center_axis',(0.,0.,-1.));
#1858=DIRECTION('ref_axis',(0.99128197950219,0.131757493579001,0.));
#1859=DIRECTION('center_axis',(0.,0.,1.));
#1860=DIRECTION('ref_axis',(0.0579530376050517,0.998319310357336,0.));
#1861=DIRECTION('',(0.,0.,1.));
#1862=DIRECTION('center_axis',(0.,0.,1.));
#1863=DIRECTION('ref_axis',(0.0579530376050517,0.998319310357336,0.));
#1864=DIRECTION('center_axis',(0.,0.,1.));
#1865=DIRECTION('ref_axis',(-0.0579530374932834,-0.998319310363824,0.));
#1866=DIRECTION('',(0.,0.,1.));
#1867=DIRECTION('center_axis',(0.,0.,-1.));
#1868=DIRECTION('ref_axis',(-0.0579530374932834,-0.998319310363824,0.));
#1869=DIRECTION('center_axis',(0.,0.,1.));
#1870=DIRECTION('ref_axis',(-0.844058136313923,0.536251678339813,0.));
#1871=DIRECTION('',(0.,0.,1.));
#1872=DIRECTION('center_axis',(0.,0.,1.));
#1873=DIRECTION('ref_axis',(-0.844058136313923,0.536251678339813,0.));
#1874=DIRECTION('center_axis',(0.,0.,1.));
#1875=DIRECTION('ref_axis',(-0.588632130001327,-0.808401023954139,0.));
#1876=DIRECTION('',(0.,0.,1.));
#1877=DIRECTION('center_axis',(0.,0.,-1.));
#1878=DIRECTION('ref_axis',(0.844058136318281,-0.536251678332955,0.));
#1879=DIRECTION('center_axis',(0.,0.,1.));
#1880=DIRECTION('ref_axis',(0.686101885789021,0.727505465489263,0.));
#1881=DIRECTION('',(0.,0.,1.));
#1882=DIRECTION('center_axis',(0.,0.,1.));
#1883=DIRECTION('ref_axis',(0.686101885789021,0.727505465489263,0.));
#1884=DIRECTION('center_axis',(0.,0.,1.));
#1885=DIRECTION('ref_axis',(-0.686101885541832,-0.727505465722384,0.));
#1886=DIRECTION('',(0.,0.,-1.));
#1887=DIRECTION('center_axis',(0.,0.,-1.));
#1888=DIRECTION('ref_axis',(-0.686101885541832,-0.727505465722384,0.));
#1889=DIRECTION('center_axis',(0.,0.,-1.));
#1890=DIRECTION('ref_axis',(-0.588635571761898,-0.808398517846578,0.));
#1891=DIRECTION('',(0.,0.,-1.));
#1892=DIRECTION('',(0.,0.,-1.));
#1893=DIRECTION('center_axis',(0.,0.,1.));
#1894=DIRECTION('ref_axis',(-0.588635571761898,-0.808398517846578,0.));
#1895=DIRECTION('center_axis',(0.,0.,-1.));
#1896=DIRECTION('ref_axis',(-0.322393357864631,0.946605790603865,0.));
#1897=DIRECTION('',(0.,0.,-1.));
#1898=DIRECTION('center_axis',(0.,0.,-1.));
#1899=DIRECTION('ref_axis',(0.948610291864661,-0.316446700359543,0.));
#1900=DIRECTION('',(0.,0.,-1.));
#1901=DIRECTION('center_axis',(0.,0.,-1.));
#1902=DIRECTION('ref_axis',(-0.948610291864661,0.316446700359544,0.));
#1903=DIRECTION('',(0.,0.,-1.));
#1904=DIRECTION('center_axis',(0.,0.,-1.));
#1905=DIRECTION('ref_axis',(-0.353009073874365,0.935619898122289,0.));
#1906=DIRECTION('center_axis',(0.,0.,1.));
#1907=DIRECTION('ref_axis',(-0.353009073874365,0.935619898122289,0.));
#1908=DIRECTION('',(0.,0.,-1.));
#1909=DIRECTION('center_axis',(0.,0.,-1.));
#1910=DIRECTION('ref_axis',(1.,0.,0.));
#1911=DIRECTION('center_axis',(0.,0.,1.));
#1912=DIRECTION('ref_axis',(0.994411877695834,-0.105569964940058,0.));
#1913=DIRECTION('center_axis',(0.,0.,-1.));
#1914=DIRECTION('ref_axis',(0.374258766194137,0.92732431000532,0.));
#1915=DIRECTION('',(0.40577975766827,-0.913970890273142,0.));
#1916=DIRECTION('center_axis',(0.,0.,1.));
#1917=DIRECTION('ref_axis',(0.913970890274041,0.405779757666247,0.));
#1918=DIRECTION('',(-0.405779757666245,0.913970890274041,0.));
#1919=DIRECTION('center_axis',(0.,0.,-1.));
#1920=DIRECTION('ref_axis',(-0.913970890274571,-0.405779757665053,0.));
#1921=DIRECTION('center_axis',(0.,0.,1.));
#1922=DIRECTION('ref_axis',(0.994411877695834,-0.105569964940058,0.));
#1923=DIRECTION('center_axis',(0.,0.,-1.));
#1924=DIRECTION('ref_axis',(0.91397089027526,0.405779757663499,0.));
#1925=DIRECTION('center_axis',(0.,0.,1.));
#1926=DIRECTION('ref_axis',(0.13971591197953,0.990191629907933,0.));
#1927=DIRECTION('center_axis',(0.,0.,-1.));
#1928=DIRECTION('ref_axis',(-0.139715911979552,-0.99019162990793,0.));
#1929=DIRECTION('',(-0.405779757666176,0.913970890274072,0.));
#1930=DIRECTION('center_axis',(0.,0.,-1.));
#1931=DIRECTION('ref_axis',(-0.913970890274047,-0.405779757666232,0.));
#1932=DIRECTION('center_axis',(0.,0.,1.));
#1933=DIRECTION('ref_axis',(0.999889859226351,0.0148414762172613,0.));
#1934=DIRECTION('center_axis',(0.,0.,-1.));
#1935=DIRECTION('ref_axis',(-0.999889859226348,-0.0148414762174767,0.));
#1936=DIRECTION('',(0.405779757666246,-0.913970890274041,0.));
#1937=DIRECTION('center_axis',(0.,0.,-1.));
#1938=DIRECTION('ref_axis',(-0.447808823468527,0.894129329361102,0.));
#1939=DIRECTION('',(0.405779757666245,-0.913970890274041,0.));
#1940=DIRECTION('center_axis',(0.,0.,-1.));
#1941=DIRECTION('ref_axis',(0.913970890274048,0.40577975766623,0.));
#1942=DIRECTION('center_axis',(0.,0.,1.));
#1943=DIRECTION('ref_axis',(-0.494018231703056,0.86945154364403,0.));
#1944=DIRECTION('center_axis',(0.,0.,-1.));
#1945=DIRECTION('ref_axis',(0.494018231703053,-0.869451543644031,0.));
#1946=DIRECTION('',(-0.405779757666245,0.913970890274041,0.));
#1947=DIRECTION('center_axis',(0.,0.,-1.));
#1948=DIRECTION('ref_axis',(-0.913970890274041,-0.405779757666246,0.));
#1949=DIRECTION('center_axis',(0.,0.,1.));
#1950=DIRECTION('ref_axis',(0.447808823468527,-0.894129329361102,0.));
#1951=DIRECTION('center_axis',(0.,0.,-1.));
#1952=DIRECTION('ref_axis',(0.658461684176833,0.752614250775926,0.));
#1953=DIRECTION('',(0.405779757666245,-0.913970890274041,0.));
#1954=DIRECTION('center_axis',(0.,0.,-1.));
#1955=DIRECTION('ref_axis',(0.913970890274041,0.405779757666245,0.));
#1956=DIRECTION('center_axis',(0.,0.,1.));
#1957=DIRECTION('ref_axis',(-0.855895120478652,0.517149439466808,0.));
#1958=DIRECTION('center_axis',(0.,0.,-1.));
#1959=DIRECTION('ref_axis',(0.855895120478295,-0.517149439467398,0.));
#1960=DIRECTION('',(-0.405779757666244,0.913970890274042,0.));
#1961=DIRECTION('center_axis',(0.,0.,-1.));
#1962=DIRECTION('ref_axis',(-0.913970890274065,-0.405779757666192,0.));
#1963=DIRECTION('center_axis',(0.,0.,1.));
#1964=DIRECTION('ref_axis',(-0.658461684176838,-0.752614250775922,0.));
#1965=DIRECTION('center_axis',(0.,0.,-1.));
#1966=DIRECTION('ref_axis',(0.13971591197953,0.990191629907933,0.));
#1967=DIRECTION('',(0.,0.,1.));
#1968=DIRECTION('',(0.,0.,-1.));
#1969=DIRECTION('center_axis',(0.,0.,-1.));
#1970=DIRECTION('ref_axis',(-0.139715911979552,-0.99019162990793,0.));
#1971=DIRECTION('',(0.,0.,-1.));
#1972=DIRECTION('center_axis',(0.913970890274072,0.405779757666176,0.));
#1973=DIRECTION('ref_axis',(0.405779757666176,-0.913970890274072,0.));
#1974=DIRECTION('',(0.,0.,-1.));
#1975=DIRECTION('center_axis',(0.,0.,-1.));
#1976=DIRECTION('ref_axis',(-0.913970890274047,-0.405779757666232,0.));
#1977=DIRECTION('',(0.,0.,-1.));
#1978=DIRECTION('center_axis',(0.,0.,-1.));
#1979=DIRECTION('ref_axis',(0.999889859226351,0.0148414762172613,0.));
#1980=DIRECTION('',(0.,0.,-1.));
#1981=DIRECTION('center_axis',(0.,0.,-1.));
#1982=DIRECTION('ref_axis',(-0.999889859226348,-0.0148414762174767,0.));
#1983=DIRECTION('',(0.,0.,-1.));
#1984=DIRECTION('center_axis',(-0.913970890274041,-0.405779757666246,0.));
#1985=DIRECTION('ref_axis',(-0.405779757666246,0.913970890274041,0.));
#1986=DIRECTION('',(0.,0.,-1.));
#1987=DIRECTION('center_axis',(0.,0.,-1.));
#1988=DIRECTION('ref_axis',(0.91397089027526,0.405779757663499,0.));
#1989=DIRECTION('center_axis',(-0.913970890274041,-0.405779757666245,0.));
#1990=DIRECTION('ref_axis',(-0.405779757666245,0.913970890274041,0.));
#1991=DIRECTION('',(0.,0.,1.));
#1992=DIRECTION('',(0.,0.,-1.));
#1993=DIRECTION('center_axis',(0.,0.,-1.));
#1994=DIRECTION('ref_axis',(0.913970890274048,0.40577975766623,0.));
#1995=DIRECTION('',(0.,0.,-1.));
#1996=DIRECTION('center_axis',(0.,0.,-1.));
#1997=DIRECTION('ref_axis',(-0.494018231703056,0.86945154364403,0.));
#1998=DIRECTION('',(0.,0.,-1.));
#1999=DIRECTION('center_axis',(0.,0.,-1.));
#2000=DIRECTION('ref_axis',(0.494018231703053,-0.869451543644031,0.));
#2001=DIRECTION('',(0.,0.,-1.));
#2002=DIRECTION('center_axis',(0.913970890274041,0.405779757666245,0.));
#2003=DIRECTION('ref_axis',(0.405779757666245,-0.913970890274041,0.));
#2004=DIRECTION('',(0.,0.,-1.));
#2005=DIRECTION('center_axis',(0.,0.,-1.));
#2006=DIRECTION('ref_axis',(-0.913970890274041,-0.405779757666246,0.));
#2007=DIRECTION('',(0.,0.,-1.));
#2008=DIRECTION('center_axis',(0.,0.,-1.));
#2009=DIRECTION('ref_axis',(0.447808823468527,-0.894129329361102,0.));
#2010=DIRECTION('',(0.,0.,-1.));
#2011=DIRECTION('center_axis',(0.,0.,-1.));
#2012=DIRECTION('ref_axis',(-0.447808823468527,0.894129329361102,0.));
#2013=DIRECTION('center_axis',(-0.913970890274041,-0.405779757666245,0.));
#2014=DIRECTION('ref_axis',(-0.405779757666245,0.913970890274041,0.));
#2015=DIRECTION('',(0.,0.,1.));
#2016=DIRECTION('',(0.,0.,-1.));
#2017=DIRECTION('center_axis',(0.,0.,-1.));
#2018=DIRECTION('ref_axis',(0.913970890274041,0.405779757666245,0.));
#2019=DIRECTION('',(0.,0.,-1.));
#2020=DIRECTION('center_axis',(0.,0.,-1.));
#2021=DIRECTION('ref_axis',(-0.855895120478652,0.517149439466808,0.));
#2022=DIRECTION('',(0.,0.,-1.));
#2023=DIRECTION('center_axis',(0.,0.,-1.));
#2024=DIRECTION('ref_axis',(0.855895120478295,-0.517149439467398,0.));
#2025=DIRECTION('',(0.,0.,-1.));
#2026=DIRECTION('center_axis',(0.913970890274042,0.405779757666244,0.));
#2027=DIRECTION('ref_axis',(0.405779757666244,-0.913970890274042,0.));
#2028=DIRECTION('',(0.,0.,-1.));
#2029=DIRECTION('center_axis',(0.,0.,-1.));
#2030=DIRECTION('ref_axis',(-0.913970890274065,-0.405779757666192,0.));
#2031=DIRECTION('',(0.,0.,-1.));
#2032=DIRECTION('center_axis',(0.,0.,-1.));
#2033=DIRECTION('ref_axis',(-0.658461684176838,-0.752614250775922,0.));
#2034=DIRECTION('',(0.,0.,-1.));
#2035=DIRECTION('center_axis',(0.,0.,-1.));
#2036=DIRECTION('ref_axis',(0.658461684176833,0.752614250775926,0.));
#2037=DIRECTION('center_axis',(0.,0.,-1.));
#2038=DIRECTION('ref_axis',(1.,0.,0.));
#2039=DIRECTION('',(0.,0.,1.));
#2040=DIRECTION('center_axis',(0.,0.,-1.));
#2041=DIRECTION('ref_axis',(1.,0.,0.));
#2042=DIRECTION('',(0.,0.,1.));
#2043=DIRECTION('center_axis',(0.,0.,-1.));
#2044=DIRECTION('ref_axis',(1.,0.,0.));
#2045=DIRECTION('',(0.,0.,1.));
#2046=DIRECTION('center_axis',(0.,0.,-1.));
#2047=DIRECTION('ref_axis',(1.,0.,0.));
#2048=DIRECTION('',(0.,0.,1.));
#2049=DIRECTION('center_axis',(0.,0.,-1.));
#2050=DIRECTION('ref_axis',(0.994411877695834,-0.105569964940058,0.));
#2051=DIRECTION('',(0.,0.,-1.));
#2052=DIRECTION('center_axis',(0.,0.,-1.));
#2053=DIRECTION('ref_axis',(0.374258766194137,0.92732431000532,0.));
#2054=DIRECTION('',(0.,0.,-1.));
#2055=DIRECTION('center_axis',(-0.913970890273142,-0.40577975766827,0.));
#2056=DIRECTION('ref_axis',(-0.40577975766827,0.913970890273142,0.));
#2057=DIRECTION('',(0.,0.,-1.));
#2058=DIRECTION('center_axis',(0.,0.,-1.));
#2059=DIRECTION('ref_axis',(0.913970890274041,0.405779757666247,0.));
#2060=DIRECTION('',(0.,0.,-1.));
#2061=DIRECTION('center_axis',(0.913970890274041,0.405779757666245,0.));
#2062=DIRECTION('ref_axis',(0.405779757666245,-0.913970890274041,0.));
#2063=DIRECTION('',(0.,0.,1.));
#2064=DIRECTION('center_axis',(0.,0.,-1.));
#2065=DIRECTION('ref_axis',(-0.913970890274571,-0.405779757665053,0.));
#2066=DIRECTION('',(0.,0.,-1.));
#2067=DIRECTION('',(0.,0.,1.));
#2068=DIRECTION('center_axis',(0.,0.,-1.));
#2069=DIRECTION('ref_axis',(0.994411877695834,-0.105569964940058,0.));
#2070=CARTESIAN_POINT('',(0.,0.,0.));
#2071=CARTESIAN_POINT('Origin',(168.829050404311,-114.346701904457,-49.50001119258));
#2072=CARTESIAN_POINT('',(165.179050404311,-114.346701904457,-50.50001119258));
#2073=CARTESIAN_POINT('Origin',(168.829050404311,-114.346701904457,-50.50001119258));
#2074=CARTESIAN_POINT('',(167.179050404311,-114.346701904457,-48.50001119258));
#2075=CARTESIAN_POINT('',(166.179050404311,-114.346701904457,-49.50001119258));
#2076=CARTESIAN_POINT('Origin',(168.829050404311,-114.346701904457,-48.50001119258));
#2077=CARTESIAN_POINT('Origin',(137.601357867754,-30.2972450627128,-50.50001119258));
#2078=CARTESIAN_POINT('',(68.8991953789198,45.6395760655346,-50.50001119258));
#2079=CARTESIAN_POINT('',(70.230406448515,54.4145976085043,-50.50001119258));
#2080=CARTESIAN_POINT('Origin',(71.84237323797,49.681568655098,-50.50001119258));
#2081=CARTESIAN_POINT('',(82.473383898037,53.8946004374383,-50.50001119258));
#2082=CARTESIAN_POINT('Origin',(75.6829572099963,38.4049125499589,-50.50001119258));
#2083=CARTESIAN_POINT('',(120.951479909538,70.9779014441456,-50.50001119258));
#2084=CARTESIAN_POINT('Origin',(93.9160634406058,79.9966401272595,-50.50001119258));
#2085=CARTESIAN_POINT('',(129.40826218371,80.7415037594765,-50.50001119258));
#2086=CARTESIAN_POINT('Origin',(136.995066549794,65.6259248761267,-50.50001119258));
#2087=CARTESIAN_POINT('',(136.178583323683,75.5098872162046,-50.50001119258));
#2088=CARTESIAN_POINT('Origin',(131.182009870133,76.0403395331678,-50.50001119258));
#2089=CARTESIAN_POINT('',(133.813042231688,65.3513856776066,-50.50001119258));
#2090=CARTESIAN_POINT('Origin',(93.9160763937793,79.9966109520545,-50.50001119258));
#2091=CARTESIAN_POINT('',(134.63215020099,40.7800016325614,-50.50001119258));
#2092=CARTESIAN_POINT('Origin',(164.583897852185,54.0778134478762,-50.50001119258));
#2093=CARTESIAN_POINT('',(195.360215932703,-96.0027807828361,-50.50001119258));
#2094=CARTESIAN_POINT('',(195.360215932703,-96.0027807828361,-50.50001119258));
#2095=CARTESIAN_POINT('',(156.425056007176,-113.288998459353,-50.50001119258));
#2096=CARTESIAN_POINT('Origin',(175.89263596994,-104.645889621094,-50.50001119258));
#2097=CARTESIAN_POINT('',(95.6969902751472,23.4937839559046,-50.50001119258));
#2098=CARTESIAN_POINT('',(156.425056007029,-113.288998459418,-50.50001119258));
#2099=CARTESIAN_POINT('',(78.010079765649,40.5853248206804,-50.50001119258));
#2100=CARTESIAN_POINT('Origin',(65.7452426242532,10.1959721406345,-50.50001119258));
#2101=CARTESIAN_POINT('Origin',(93.9160763937793,79.9966109520545,-50.50001119258));
#2102=CARTESIAN_POINT('',(177.111993061861,-115.613540304416,-50.50001119258));
#2103=CARTESIAN_POINT('Origin',(180.761993061861,-115.613540304416,-50.50001119258));
#2104=CARTESIAN_POINT('',(179.306221535569,-94.945077337732,-50.50001119258));
#2105=CARTESIAN_POINT('Origin',(182.956221535569,-94.945077337732,-50.50001119258));
#2106=CARTESIAN_POINT('',(160.309693312389,-103.379051221136,-50.50001119258));
#2107=CARTESIAN_POINT('Origin',(163.959693312389,-103.379051221136,-50.50001119258));
#2108=CARTESIAN_POINT('',(94.84277021997,42.585236337778,-50.50001119258));
#2109=CARTESIAN_POINT('Origin',(96.49277021997,42.585236337778,-50.50001119258));
#2110=CARTESIAN_POINT('',(118.2875043365,52.99410015345,-50.50001119258));
#2111=CARTESIAN_POINT('Origin',(119.9375043365,52.99410015345,-50.50001119258));
#2112=CARTESIAN_POINT('',(129.55652393523,76.03773704113,-50.50001119258));
#2113=CARTESIAN_POINT('Origin',(131.20652393523,76.03773704113,-50.50001119258));
#2114=CARTESIAN_POINT('',(70.19237323797,49.681568655098,-50.50001119258));
#2115=CARTESIAN_POINT('Origin',(71.84237323797,49.681568655098,-50.50001119258));
#2116=CARTESIAN_POINT('',(105.056381598633,31.985554958286,-50.50001119258));
#2117=CARTESIAN_POINT('',(104.545363186438,32.6792239445054,-50.50001119258));
#2118=CARTESIAN_POINT('Origin',(103.228439818085,31.1739954429534,-50.50001119258));
#2119=CARTESIAN_POINT('',(102.766225997076,34.2898388033351,-50.50001119258));
#2120=CARTESIAN_POINT('Origin',(151.159602348498,85.958771601558,-50.50001119258));
#2121=CARTESIAN_POINT('',(99.5710975084236,32.0185531132737,-50.50001119258));
#2122=CARTESIAN_POINT('Origin',(101.399039288973,32.8301126286065,-50.50001119258));
#2123=CARTESIAN_POINT('',(154.75431370851,-92.275111826162,-50.50001119258));
#2124=CARTESIAN_POINT('',(154.754313708506,-92.2751118261638,-50.50001119258));
#2125=CARTESIAN_POINT('',(158.294045730002,-92.4978511897643,-50.50001119258));
#2126=CARTESIAN_POINT('Origin',(156.582255489052,-91.4635523108334,-50.50001119258));
#2127=CARTESIAN_POINT('',(158.884549433796,-91.5750355805599,-50.50001119258));
#2128=CARTESIAN_POINT('Origin',(176.524611796242,-103.513134250434,-50.50001119258));
#2129=CARTESIAN_POINT('',(159.056147330551,-89.6425278333273,-50.50001119258));
#2130=CARTESIAN_POINT('Origin',(157.228205550012,-90.4540873486557,-50.50001119258));
#2131=CARTESIAN_POINT('',(159.056147330551,-89.6425278333273,-50.50001119258));
#2132=CARTESIAN_POINT('',(117.910556672599,36.5487647527098,-50.50001119258));
#2133=CARTESIAN_POINT('',(115.186997245114,37.5254638960995,-50.50001119258));
#2134=CARTESIAN_POINT('Origin',(116.082614892051,35.7372052373773,-50.50001119258));
#2135=CARTESIAN_POINT('',(111.152600486753,35.7342946626403,-50.50001119258));
#2136=CARTESIAN_POINT('Origin',(93.916078130359,79.9966070407522,-50.50001119258));
#2137=CARTESIAN_POINT('',(110.050407015948,33.0590588366505,-50.50001119258));
#2138=CARTESIAN_POINT('Origin',(111.878348796496,33.870618351983,-50.50001119258));
#2139=CARTESIAN_POINT('',(162.554069390784,-85.1992281694884,-50.50001119258));
#2140=CARTESIAN_POINT('',(110.050407015948,33.0590588366505,-50.50001119258));
#2141=CARTESIAN_POINT('',(165.370047634738,-86.126571741444,-50.50001119258));
#2142=CARTESIAN_POINT('Origin',(164.382011171332,-84.3876686541559,-50.50001119258));
#2143=CARTESIAN_POINT('',(169.213432520374,-84.4202069062973,-50.50001119258));
#2144=CARTESIAN_POINT('Origin',(175.892635970013,-104.645889621061,-50.50001119258));
#2145=CARTESIAN_POINT('',(170.414219047435,-81.7095222534282,-50.50001119258));
#2146=CARTESIAN_POINT('Origin',(168.586277266887,-82.5210817687607,-50.50001119258));
#2147=CARTESIAN_POINT('',(170.414219047435,-81.7095222534282,-50.50001119258));
#2148=CARTESIAN_POINT('',(178.68504904973,-83.4447659397907,-50.50001119258));
#2149=CARTESIAN_POINT('',(180.893881170951,-80.6698107566412,-50.50001119258));
#2150=CARTESIAN_POINT('Origin',(179.065939390394,-81.4813702719708,-50.50001119258));
#2151=CARTESIAN_POINT('',(125.71066497087,43.6238541827971,-50.50001119258));
#2152=CARTESIAN_POINT('',(180.893881170951,-80.6698107566412,-50.50001119258));
#2153=CARTESIAN_POINT('',(121.882943471868,42.7826117150289,-50.50001119258));
#2154=CARTESIAN_POINT('Origin',(123.882723190322,42.8122946674639,-50.50001119258));
#2155=CARTESIAN_POINT('',(121.884368524378,40.3719365894503,-50.50001119258));
#2156=CARTESIAN_POINT('Origin',(37.3095051127158,41.5272787776686,-50.50001119258));
#2157=CARTESIAN_POINT('',(122.056240158336,39.5330584511473,-50.50001119258));
#2158=CARTESIAN_POINT('Origin',(123.884181938884,40.3446179664796,-50.50001119258));
#2159=CARTESIAN_POINT('',(176.05600589024,-82.0950243404721,-50.50001119258));
#2160=CARTESIAN_POINT('',(176.056005890245,-82.09502434047,-50.50001119258));
#2161=CARTESIAN_POINT('',(177.604515846833,-83.2638480849583,-50.50001119258));
#2162=CARTESIAN_POINT('Origin',(177.883947670793,-81.2834648251376,-50.50001119258));
#2163=CARTESIAN_POINT('Origin',(174.628566921662,-104.354929802049,-50.50001119258));
#2164=CARTESIAN_POINT('',(167.373278877871,-93.6782389378386,-50.50001119258));
#2165=CARTESIAN_POINT('Origin',(171.023278877871,-93.6782389378386,-50.50001119258));
#2166=CARTESIAN_POINT('',(184.17557862749,-105.912728021053,-50.50001119258));
#2167=CARTESIAN_POINT('Origin',(187.82557862749,-105.912728021053,-50.50001119258));
#2168=CARTESIAN_POINT('Origin',(168.829050404311,-114.346701904457,-45.50001119258));
#2169=CARTESIAN_POINT('',(167.179050404311,-114.346701904457,-40.50001119258));
#2170=CARTESIAN_POINT('',(167.179050404311,-114.346701904457,-45.50001119258));
#2171=CARTESIAN_POINT('Origin',(168.829050404311,-114.346701904457,-40.50001119258));
#2172=CARTESIAN_POINT('Origin',(180.761993061861,-115.613540304416,-49.50001119258));
#2173=CARTESIAN_POINT('',(179.111993061861,-115.613540304416,-48.50001119258));
#2174=CARTESIAN_POINT('',(178.111993061861,-115.613540304416,-49.50001119258));
#2175=CARTESIAN_POINT('Origin',(180.761993061861,-115.613540304416,-48.50001119258));
#2176=CARTESIAN_POINT('Origin',(180.761993061861,-115.613540304416,-45.50001119258));
#2177=CARTESIAN_POINT('',(179.111993061861,-115.613540304416,-40.50001119258));
#2178=CARTESIAN_POINT('',(179.111993061861,-115.613540304416,-45.50001119258));
#2179=CARTESIAN_POINT('Origin',(180.761993061861,-115.613540304416,-40.50001119258));
#2180=CARTESIAN_POINT('Origin',(187.82557862749,-105.912728021053,-49.50001119258));
#2181=CARTESIAN_POINT('',(186.17557862749,-105.912728021053,-48.50001119258));
#2182=CARTESIAN_POINT('',(185.17557862749,-105.912728021053,-49.50001119258));
#2183=CARTESIAN_POINT('Origin',(187.82557862749,-105.912728021053,-48.50001119258));
#2184=CARTESIAN_POINT('Origin',(187.82557862749,-105.912728021053,-45.50001119258));
#2185=CARTESIAN_POINT('',(186.17557862749,-105.912728021053,-40.50001119258));
#2186=CARTESIAN_POINT('',(186.17557862749,-105.912728021053,-45.50001119258));
#2187=CARTESIAN_POINT('Origin',(187.82557862749,-105.912728021053,-40.50001119258));
#2188=CARTESIAN_POINT('Origin',(182.956221535569,-94.945077337732,-49.50001119258));
#2189=CARTESIAN_POINT('',(181.306221535569,-94.945077337732,-48.50001119258));
#2190=CARTESIAN_POINT('',(180.306221535569,-94.945077337732,-49.50001119258));
#2191=CARTESIAN_POINT('Origin',(182.956221535569,-94.945077337732,-48.50001119258));
#2192=CARTESIAN_POINT('Origin',(182.956221535569,-94.945077337732,-45.50001119258));
#2193=CARTESIAN_POINT('',(181.306221535569,-94.945077337732,-40.50001119258));
#2194=CARTESIAN_POINT('',(181.306221535569,-94.945077337732,-45.50001119258));
#2195=CARTESIAN_POINT('Origin',(182.956221535569,-94.945077337732,-40.50001119258));
#2196=CARTESIAN_POINT('Origin',(171.023278877871,-93.6782389378386,-49.50001119258));
#2197=CARTESIAN_POINT('',(169.373278877871,-93.6782389378386,-48.50001119258));
#2198=CARTESIAN_POINT('',(168.373278877871,-93.6782389378386,-49.50001119258));
#2199=CARTESIAN_POINT('Origin',(171.023278877871,-93.6782389378386,-48.50001119258));
#2200=CARTESIAN_POINT('Origin',(171.023278877871,-93.6782389378386,-45.50001119258));
#2201=CARTESIAN_POINT('',(169.373278877871,-93.6782389378386,-40.50001119258));
#2202=CARTESIAN_POINT('',(169.373278877871,-93.6782389378386,-45.50001119258));
#2203=CARTESIAN_POINT('Origin',(171.023278877871,-93.6782389378386,-40.50001119258));
#2204=CARTESIAN_POINT('Origin',(163.959693312389,-103.379051221136,-49.50001119258));
#2205=CARTESIAN_POINT('',(162.309693312389,-103.379051221136,-48.50001119258));
#2206=CARTESIAN_POINT('',(161.309693312389,-103.379051221136,-49.50001119258));
#2207=CARTESIAN_POINT('Origin',(163.959693312389,-103.379051221136,-48.50001119258));
#2208=CARTESIAN_POINT('Origin',(163.959693312389,-103.379051221136,-45.50001119258));
#2209=CARTESIAN_POINT('',(162.309693312389,-103.379051221136,-40.50001119258));
#2210=CARTESIAN_POINT('',(162.309693312389,-103.379051221136,-45.50001119258));
#2211=CARTESIAN_POINT('Origin',(163.959693312389,-103.379051221136,-40.50001119258));
#2212=CARTESIAN_POINT('Origin',(93.9160781303598,79.9966070407498,-45.50001119258));
#2213=CARTESIAN_POINT('',(130.402170631713,81.0041059156154,-45.50001119258));
#2214=CARTESIAN_POINT('',(130.402170631713,81.0041059156154,-40.50001119258));
#2215=CARTESIAN_POINT('',(130.402170631713,81.0041059156154,-45.50001119258));
#2216=CARTESIAN_POINT('',(130.408042016224,80.7624867655902,-45.50001119258));
#2217=CARTESIAN_POINT('Origin',(93.9160781303598,79.9966070407498,-45.50001119258));
#2218=CARTESIAN_POINT('',(130.408042016224,80.7624867655902,-40.50001119258));
#2219=CARTESIAN_POINT('',(130.408042016224,80.7624867655902,-45.50001119258));
#2220=CARTESIAN_POINT('Origin',(93.9160781303598,79.9966070407498,-40.50001119258));
#2221=CARTESIAN_POINT('Origin',(94.3635160161252,79.3091564796957,-45.50001119258));
#2222=CARTESIAN_POINT('',(68.72076204131,53.5874032062503,-45.50001119258));
#2223=CARTESIAN_POINT('',(70.230406448515,54.4145976085043,-45.50001119258));
#2224=CARTESIAN_POINT('Origin',(71.84237323797,49.681568655098,-45.50001119258));
#2225=CARTESIAN_POINT('',(68.8733593080897,53.44265754189,-45.50001119258));
#2226=CARTESIAN_POINT('Origin',(93.9160781303598,79.9966070407498,-45.50001119258));
#2227=CARTESIAN_POINT('',(68.9567554860199,52.0765029317725,-45.50001119258));
#2228=CARTESIAN_POINT('Origin',(68.1872574223,52.7151520764,-45.50001119258));
#2229=CARTESIAN_POINT('',(75.0075912491661,47.6706248613478,-45.50001119258));
#2230=CARTESIAN_POINT('Origin',(71.84237323797,49.681568655098,-45.50001119258));
#2231=CARTESIAN_POINT('',(76.3333674851818,48.0106994193034,-45.50001119258));
#2232=CARTESIAN_POINT('Origin',(75.85164938548,47.134373183008,-45.50001119258));
#2233=CARTESIAN_POINT('',(91.8007922618551,43.5579522124733,-45.50001119258));
#2234=CARTESIAN_POINT('Origin',(93.9160781303598,79.9966070407498,-45.50001119258));
#2235=CARTESIAN_POINT('',(92.7428246970397,42.5650230979957,-45.50001119258));
#2236=CARTESIAN_POINT('Origin',(91.74283922425,42.559632902115,-45.50001119258));
#2237=CARTESIAN_POINT('',(100.210077643106,43.0793269386997,-45.50001119258));
#2238=CARTESIAN_POINT('Origin',(96.49277021997,42.585236337778,-45.50001119258));
#2239=CARTESIAN_POINT('',(101.007085449384,44.1920317018157,-45.50001119258));
#2240=CARTESIAN_POINT('Origin',(101.20135962261,43.211084432275,-45.50001119258));
#2241=CARTESIAN_POINT('',(115.717990982379,50.7232984475466,-45.50001119258));
#2242=CARTESIAN_POINT('Origin',(93.9160781303598,79.9966070407498,-45.50001119258));
#2243=CARTESIAN_POINT('',(117.07787223164,50.5681973885328,-45.50001119258));
#2244=CARTESIAN_POINT('Origin',(116.31530366324,49.92128999292,-45.50001119258));
#2245=CARTESIAN_POINT('',(122.467531715019,55.7620346656632,-45.50001119258));
#2246=CARTESIAN_POINT('Origin',(119.9375043365,52.99410015345,-45.50001119258));
#2247=CARTESIAN_POINT('',(122.362842281263,57.1267227091017,-45.50001119258));
#2248=CARTESIAN_POINT('Origin',(123.14220568263,56.50015053559,-45.50001119258));
#2249=CARTESIAN_POINT('',(129.43383237823,71.5859511098401,-45.50001119258));
#2250=CARTESIAN_POINT('Origin',(93.9160781303598,79.9966070407498,-45.50001119258));
#2251=CARTESIAN_POINT('',(130.575258881866,72.3412516249018,-45.50001119258));
#2252=CARTESIAN_POINT('Origin',(130.40692153573,71.35552218033,-45.50001119258));
#2253=CARTESIAN_POINT('',(131.365443340615,79.7843681442052,-45.50001119258));
#2254=CARTESIAN_POINT('Origin',(131.20652393523,76.03773704113,-45.50001119258));
#2255=CARTESIAN_POINT('Origin',(131.40782184872,80.7834697717,-45.50001119258));
#2256=CARTESIAN_POINT('',(129.40826218371,80.7415037594765,-45.50001119258));
#2257=CARTESIAN_POINT('Origin',(131.182009870133,76.0403395331678,-45.50001119258));
#2258=CARTESIAN_POINT('',(120.951479909538,70.9779014441456,-45.50001119258));
#2259=CARTESIAN_POINT('Origin',(136.995066549794,65.6259248761267,-45.50001119258));
#2260=CARTESIAN_POINT('',(82.473383898037,53.8946004374383,-45.50001119258));
#2261=CARTESIAN_POINT('Origin',(93.9160634406058,79.9966401272595,-45.50001119258));
#2262=CARTESIAN_POINT('Origin',(75.6829572099963,38.4049125499589,-45.50001119258));
#2263=CARTESIAN_POINT('',(94.84277021997,42.585236337778,-45.50001119258));
#2264=CARTESIAN_POINT('Origin',(96.49277021997,42.585236337778,-45.50001119258));
#2265=CARTESIAN_POINT('',(118.2875043365,52.99410015345,-45.50001119258));
#2266=CARTESIAN_POINT('Origin',(119.9375043365,52.99410015345,-45.50001119258));
#2267=CARTESIAN_POINT('',(129.55652393523,76.03773704113,-45.50001119258));
#2268=CARTESIAN_POINT('Origin',(131.20652393523,76.03773704113,-45.50001119258));
#2269=CARTESIAN_POINT('',(70.19237323797,49.681568655098,-45.50001119258));
#2270=CARTESIAN_POINT('Origin',(71.84237323797,49.681568655098,-45.50001119258));
#2271=CARTESIAN_POINT('Origin',(131.40782184872,80.7834697717,-45.50001119258));
#2272=CARTESIAN_POINT('',(131.365443340615,79.7843681442052,-40.50001119258));
#2273=CARTESIAN_POINT('',(131.365443340615,79.7843681442052,-45.50001119258));
#2274=CARTESIAN_POINT('Origin',(131.40782184872,80.7834697717,-40.50001119258));
#2275=CARTESIAN_POINT('Origin',(131.20652393523,76.03773704113,-45.50001119258));
#2276=CARTESIAN_POINT('',(130.575258881866,72.3412516249018,-40.50001119258));
#2277=CARTESIAN_POINT('',(130.575258881866,72.3412516249018,-45.50001119258));
#2278=CARTESIAN_POINT('Origin',(131.20652393523,76.03773704113,-40.50001119258));
#2279=CARTESIAN_POINT('Origin',(130.40692153573,71.35552218033,-45.50001119258));
#2280=CARTESIAN_POINT('',(129.43383237823,71.5859511098401,-40.50001119258));
#2281=CARTESIAN_POINT('',(129.43383237823,71.5859511098401,-45.50001119258));
#2282=CARTESIAN_POINT('Origin',(130.40692153573,71.35552218033,-40.50001119258));
#2283=CARTESIAN_POINT('Origin',(93.9160781303598,79.9966070407498,-45.50001119258));
#2284=CARTESIAN_POINT('',(122.362842281263,57.1267227091017,-40.50001119258));
#2285=CARTESIAN_POINT('',(122.362842281263,57.1267227091017,-45.50001119258));
#2286=CARTESIAN_POINT('Origin',(93.9160781303598,79.9966070407498,-40.50001119258));
#2287=CARTESIAN_POINT('Origin',(123.14220568263,56.50015053559,-45.50001119258));
#2288=CARTESIAN_POINT('',(122.467531715019,55.7620346656632,-40.50001119258));
#2289=CARTESIAN_POINT('',(122.467531715019,55.7620346656632,-45.50001119258));
#2290=CARTESIAN_POINT('Origin',(123.14220568263,56.50015053559,-40.50001119258));
#2291=CARTESIAN_POINT('Origin',(119.9375043365,52.99410015345,-45.50001119258));
#2292=CARTESIAN_POINT('',(117.07787223164,50.5681973885328,-40.50001119258));
#2293=CARTESIAN_POINT('',(117.07787223164,50.5681973885328,-45.50001119258));
#2294=CARTESIAN_POINT('Origin',(119.9375043365,52.99410015345,-40.50001119258));
#2295=CARTESIAN_POINT('Origin',(116.31530366324,49.92128999292,-45.50001119258));
#2296=CARTESIAN_POINT('',(115.717990982379,50.7232984475466,-40.50001119258));
#2297=CARTESIAN_POINT('',(115.717990982379,50.7232984475466,-45.50001119258));
#2298=CARTESIAN_POINT('Origin',(116.31530366324,49.92128999292,-40.50001119258));
#2299=CARTESIAN_POINT('Origin',(93.9160781303598,79.9966070407498,-45.50001119258));
#2300=CARTESIAN_POINT('',(101.007085449384,44.1920317018157,-40.50001119258));
#2301=CARTESIAN_POINT('',(101.007085449384,44.1920317018157,-45.50001119258));
#2302=CARTESIAN_POINT('Origin',(93.9160781303598,79.9966070407498,-40.50001119258));
#2303=CARTESIAN_POINT('Origin',(101.20135962261,43.211084432275,-45.50001119258));
#2304=CARTESIAN_POINT('',(100.210077643106,43.0793269386997,-40.50001119258));
#2305=CARTESIAN_POINT('',(100.210077643106,43.0793269386997,-45.50001119258));
#2306=CARTESIAN_POINT('Origin',(101.20135962261,43.211084432275,-40.50001119258));
#2307=CARTESIAN_POINT('Origin',(96.49277021997,42.585236337778,-45.50001119258));
#2308=CARTESIAN_POINT('',(92.7428246970397,42.5650230979957,-40.50001119258));
#2309=CARTESIAN_POINT('',(92.7428246970397,42.5650230979957,-45.50001119258));
#2310=CARTESIAN_POINT('Origin',(96.49277021997,42.585236337778,-40.50001119258));
#2311=CARTESIAN_POINT('Origin',(91.74283922425,42.559632902115,-45.50001119258));
#2312=CARTESIAN_POINT('',(91.8007922618551,43.5579522124733,-40.50001119258));
#2313=CARTESIAN_POINT('',(91.8007922618551,43.5579522124733,-45.50001119258));
#2314=CARTESIAN_POINT('Origin',(91.74283922425,42.559632902115,-40.50001119258));
#2315=CARTESIAN_POINT('Origin',(93.9160781303598,79.9966070407498,-45.50001119258));
#2316=CARTESIAN_POINT('',(76.3333674851818,48.0106994193034,-40.50001119258));
#2317=CARTESIAN_POINT('',(76.3333674851818,48.0106994193034,-45.50001119258));
#2318=CARTESIAN_POINT('Origin',(93.9160781303598,79.9966070407498,-40.50001119258));
#2319=CARTESIAN_POINT('Origin',(75.85164938548,47.134373183008,-45.50001119258));
#2320=CARTESIAN_POINT('',(75.0075912491661,47.6706248613478,-40.50001119258));
#2321=CARTESIAN_POINT('',(75.0075912491661,47.6706248613478,-45.50001119258));
#2322=CARTESIAN_POINT('Origin',(75.85164938548,47.134373183008,-40.50001119258));
#2323=CARTESIAN_POINT('Origin',(71.84237323797,49.681568655098,-45.50001119258));
#2324=CARTESIAN_POINT('',(68.9567554860199,52.0765029317725,-40.50001119258));
#2325=CARTESIAN_POINT('',(68.9567554860199,52.0765029317725,-45.50001119258));
#2326=CARTESIAN_POINT('Origin',(71.84237323797,49.681568655098,-40.50001119258));
#2327=CARTESIAN_POINT('Origin',(68.1872574223,52.7151520764,-45.50001119258));
#2328=CARTESIAN_POINT('',(68.8733593080897,53.44265754189,-40.50001119258));
#2329=CARTESIAN_POINT('',(68.8733593080897,53.44265754189,-45.50001119258));
#2330=CARTESIAN_POINT('Origin',(68.1872574223,52.7151520764,-40.50001119258));
#2331=CARTESIAN_POINT('Origin',(93.9160781303598,79.9966070407498,-45.50001119258));
#2332=CARTESIAN_POINT('',(68.72076204131,53.5874032062503,-40.50001119258));
#2333=CARTESIAN_POINT('',(68.72076204131,53.5874032062503,-45.50001119258));
#2334=CARTESIAN_POINT('Origin',(93.9160781303598,79.9966070407498,-40.50001119258));
#2335=CARTESIAN_POINT('Origin',(71.84237323797,49.681568655098,-45.50001119258));
#2336=CARTESIAN_POINT('',(70.230406448515,54.4145976085043,-45.50001119258));
#2337=CARTESIAN_POINT('',(68.8991953789198,45.6395760655346,-40.50001119258));
#2338=CARTESIAN_POINT('',(68.8991953789198,45.6395760655346,-45.50001119258));
#2339=CARTESIAN_POINT('Origin',(71.84237323797,49.681568655098,-40.50001119258));
#2340=CARTESIAN_POINT('Origin',(75.6829572099963,38.4049125499589,-45.50001119258));
#2341=CARTESIAN_POINT('',(82.473383898037,53.8946004374383,-45.50001119258));
#2342=CARTESIAN_POINT('Origin',(93.9160634406058,79.9966401272595,-45.50001119258));
#2343=CARTESIAN_POINT('',(120.951479909538,70.9779014441456,-45.50001119258));
#2344=CARTESIAN_POINT('Origin',(136.995066549794,65.6259248761267,-45.50001119258));
#2345=CARTESIAN_POINT('',(129.40826218371,80.7415037594765,-45.50001119258));
#2346=CARTESIAN_POINT('Origin',(131.182009870133,76.0403395331678,-45.50001119258));
#2347=CARTESIAN_POINT('',(136.178583323683,75.5098872162046,-40.50001119258));
#2348=CARTESIAN_POINT('Origin',(131.182009870133,76.0403395331678,-40.50001119258));
#2349=CARTESIAN_POINT('',(136.178583323683,75.5098872162046,-45.50001119258));
#2350=CARTESIAN_POINT('Origin',(137.601357867754,-30.2972450627128,-40.50001119258));
#2351=CARTESIAN_POINT('',(78.010079765649,40.5853248206804,-40.50001119258));
#2352=CARTESIAN_POINT('Origin',(93.9160763937793,79.9966109520545,-40.50001119258));
#2353=CARTESIAN_POINT('',(95.6969902751472,23.4937839559046,-40.50001119258));
#2354=CARTESIAN_POINT('Origin',(65.7452426242532,10.1959721406345,-40.50001119258));
#2355=CARTESIAN_POINT('',(156.425056007176,-113.288998459353,-40.50001119258));
#2356=CARTESIAN_POINT('',(156.425056007029,-113.288998459418,-40.50001119258));
#2357=CARTESIAN_POINT('',(195.360215932703,-96.0027807828361,-40.50001119258));
#2358=CARTESIAN_POINT('Origin',(175.89263596994,-104.645889621094,-40.50001119258));
#2359=CARTESIAN_POINT('',(134.63215020099,40.7800016325614,-40.50001119258));
#2360=CARTESIAN_POINT('',(195.360215932703,-96.0027807828361,-40.50001119258));
#2361=CARTESIAN_POINT('',(133.813042231688,65.3513856776066,-40.50001119258));
#2362=CARTESIAN_POINT('Origin',(164.583897852185,54.0778134478762,-40.50001119258));
#2363=CARTESIAN_POINT('Origin',(93.9160763937793,79.9966109520545,-40.50001119258));
#2364=CARTESIAN_POINT('',(180.893881170951,-80.6698107566412,-40.50001119258));
#2365=CARTESIAN_POINT('',(178.68504904973,-83.4447659397907,-40.50001119258));
#2366=CARTESIAN_POINT('Origin',(179.065939390394,-81.4813702719708,-40.50001119258));
#2367=CARTESIAN_POINT('',(177.604515846833,-83.2638480849583,-40.50001119258));
#2368=CARTESIAN_POINT('Origin',(174.628566921662,-104.354929802049,-40.50001119258));
#2369=CARTESIAN_POINT('',(176.05600589024,-82.0950243404721,-40.50001119258));
#2370=CARTESIAN_POINT('Origin',(177.883947670793,-81.2834648251376,-40.50001119258));
#2371=CARTESIAN_POINT('',(122.056240158336,39.5330584511473,-40.50001119258));
#2372=CARTESIAN_POINT('',(176.056005890245,-82.09502434047,-40.50001119258));
#2373=CARTESIAN_POINT('',(121.884368524378,40.3719365894503,-40.50001119258));
#2374=CARTESIAN_POINT('Origin',(123.884181938884,40.3446179664796,-40.50001119258));
#2375=CARTESIAN_POINT('',(121.882943471868,42.7826117150289,-40.50001119258));
#2376=CARTESIAN_POINT('Origin',(37.3095051127158,41.5272787776686,-40.50001119258));
#2377=CARTESIAN_POINT('',(125.71066497087,43.6238541827971,-40.50001119258));
#2378=CARTESIAN_POINT('Origin',(123.882723190322,42.8122946674639,-40.50001119258));
#2379=CARTESIAN_POINT('',(180.893881170951,-80.6698107566412,-40.50001119258));
#2380=CARTESIAN_POINT('',(115.186997245114,37.5254638960995,-40.50001119258));
#2381=CARTESIAN_POINT('',(117.910556672599,36.5487647527098,-40.50001119258));
#2382=CARTESIAN_POINT('Origin',(116.082614892051,35.7372052373773,-40.50001119258));
#2383=CARTESIAN_POINT('',(170.414219047435,-81.7095222534282,-40.50001119258));
#2384=CARTESIAN_POINT('',(170.414219047435,-81.7095222534282,-40.50001119258));
#2385=CARTESIAN_POINT('',(169.213432520374,-84.4202069062973,-40.50001119258));
#2386=CARTESIAN_POINT('Origin',(168.586277266887,-82.5210817687607,-40.50001119258));
#2387=CARTESIAN_POINT('',(165.370047634738,-86.126571741444,-40.50001119258));
#2388=CARTESIAN_POINT('Origin',(175.892635970013,-104.645889621061,-40.50001119258));
#2389=CARTESIAN_POINT('',(162.554069390784,-85.1992281694884,-40.50001119258));
#2390=CARTESIAN_POINT('Origin',(164.382011171332,-84.3876686541559,-40.50001119258));
#2391=CARTESIAN_POINT('',(110.050407015948,33.0590588366505,-40.50001119258));
#2392=CARTESIAN_POINT('',(110.050407015948,33.0590588366505,-40.50001119258));
#2393=CARTESIAN_POINT('',(111.152600486753,35.7342946626403,-40.50001119258));
#2394=CARTESIAN_POINT('Origin',(111.878348796496,33.870618351983,-40.50001119258));
#2395=CARTESIAN_POINT('Origin',(93.916078130359,79.9966070407522,-40.50001119258));
#2396=CARTESIAN_POINT('',(104.545363186438,32.6792239445054,-40.50001119258));
#2397=CARTESIAN_POINT('',(105.056381598633,31.985554958286,-40.50001119258));
#2398=CARTESIAN_POINT('Origin',(103.228439818085,31.1739954429534,-40.50001119258));
#2399=CARTESIAN_POINT('',(159.056147330551,-89.6425278333273,-40.50001119258));
#2400=CARTESIAN_POINT('',(159.056147330551,-89.6425278333273,-40.50001119258));
#2401=CARTESIAN_POINT('',(158.884549433796,-91.5750355805599,-40.50001119258));
#2402=CARTESIAN_POINT('Origin',(157.228205550012,-90.4540873486557,-40.50001119258));
#2403=CARTESIAN_POINT('',(158.294045730002,-92.4978511897643,-40.50001119258));
#2404=CARTESIAN_POINT('Origin',(176.524611796242,-103.513134250434,-40.50001119258));
#2405=CARTESIAN_POINT('',(154.75431370851,-92.275111826162,-40.50001119258));
#2406=CARTESIAN_POINT('Origin',(156.582255489052,-91.4635523108334,-40.50001119258));
#2407=CARTESIAN_POINT('',(99.5710975084236,32.0185531132737,-40.50001119258));
#2408=CARTESIAN_POINT('',(154.754313708506,-92.2751118261638,-40.50001119258));
#2409=CARTESIAN_POINT('',(102.766225997076,34.2898388033351,-40.50001119258));
#2410=CARTESIAN_POINT('Origin',(101.399039288973,32.8301126286065,-40.50001119258));
#2411=CARTESIAN_POINT('Origin',(151.159602348498,85.958771601558,-40.50001119258));
#2412=CARTESIAN_POINT('Origin',(174.628566921662,-104.354929802049,-45.50001119258));
#2413=CARTESIAN_POINT('',(178.68504904973,-83.4447659397907,-50.50001119258));
#2414=CARTESIAN_POINT('',(177.604515846833,-83.2638480849583,-45.50001119258));
#2415=CARTESIAN_POINT('Origin',(177.883947670793,-81.2834648251376,-45.50001119258));
#2416=CARTESIAN_POINT('',(176.05600589024,-82.0950243404721,-45.50001119258));
#2417=CARTESIAN_POINT('Origin',(122.056240158336,39.5330584511473,-45.50001119258));
#2418=CARTESIAN_POINT('',(122.056240158336,39.5330584511473,-45.50001119258));
#2419=CARTESIAN_POINT('Origin',(123.884181938884,40.3446179664796,-45.50001119258));
#2420=CARTESIAN_POINT('',(121.884368524378,40.3719365894503,-45.50001119258));
#2421=CARTESIAN_POINT('Origin',(37.3095051127158,41.5272787776686,-45.50001119258));
#2422=CARTESIAN_POINT('',(121.882943471868,42.7826117150289,-45.50001119258));
#2423=CARTESIAN_POINT('Origin',(123.882723190322,42.8122946674639,-45.50001119258));
#2424=CARTESIAN_POINT('',(125.71066497087,43.6238541827971,-45.50001119258));
#2425=CARTESIAN_POINT('Origin',(180.893881170951,-80.6698107566412,-45.50001119258));
#2426=CARTESIAN_POINT('',(180.893881170951,-80.6698107566412,-45.50001119258));
#2427=CARTESIAN_POINT('Origin',(179.065939390394,-81.4813702719708,-45.50001119258));
#2428=CARTESIAN_POINT('Origin',(170.414219047435,-81.7095222534282,-45.50001119258));
#2429=CARTESIAN_POINT('',(117.910556672599,36.5487647527098,-50.50001119258));
#2430=CARTESIAN_POINT('',(170.414219047435,-81.7095222534282,-45.50001119258));
#2431=CARTESIAN_POINT('Origin',(168.586277266887,-82.5210817687607,-45.50001119258));
#2432=CARTESIAN_POINT('',(169.213432520374,-84.4202069062973,-45.50001119258));
#2433=CARTESIAN_POINT('Origin',(175.892635970013,-104.645889621061,-45.50001119258));
#2434=CARTESIAN_POINT('',(165.370047634738,-86.126571741444,-45.50001119258));
#2435=CARTESIAN_POINT('Origin',(164.382011171332,-84.3876686541559,-45.50001119258));
#2436=CARTESIAN_POINT('',(162.554069390784,-85.1992281694884,-45.50001119258));
#2437=CARTESIAN_POINT('Origin',(110.050407015948,33.0590588366505,-45.50001119258));
#2438=CARTESIAN_POINT('',(110.050407015948,33.0590588366505,-45.50001119258));
#2439=CARTESIAN_POINT('Origin',(111.878348796496,33.870618351983,-45.50001119258));
#2440=CARTESIAN_POINT('',(111.152600486753,35.7342946626403,-45.50001119258));
#2441=CARTESIAN_POINT('Origin',(93.916078130359,79.9966070407522,-45.50001119258));
#2442=CARTESIAN_POINT('',(115.186997245114,37.5254638960995,-45.50001119258));
#2443=CARTESIAN_POINT('Origin',(116.082614892051,35.7372052373773,-45.50001119258));
#2444=CARTESIAN_POINT('Origin',(159.056147330551,-89.6425278333273,-45.50001119258));
#2445=CARTESIAN_POINT('',(105.056381598633,31.985554958286,-50.50001119258));
#2446=CARTESIAN_POINT('',(159.056147330551,-89.6425278333273,-45.50001119258));
#2447=CARTESIAN_POINT('Origin',(157.228205550012,-90.4540873486557,-45.50001119258));
#2448=CARTESIAN_POINT('',(158.884549433796,-91.5750355805599,-45.50001119258));
#2449=CARTESIAN_POINT('Origin',(176.524611796242,-103.513134250434,-45.50001119258));
#2450=CARTESIAN_POINT('',(158.294045730002,-92.4978511897643,-45.50001119258));
#2451=CARTESIAN_POINT('Origin',(156.582255489052,-91.4635523108334,-45.50001119258));
#2452=CARTESIAN_POINT('',(154.75431370851,-92.275111826162,-45.50001119258));
#2453=CARTESIAN_POINT('Origin',(99.5710975084236,32.0185531132737,-45.50001119258));
#2454=CARTESIAN_POINT('',(99.5710975084236,32.0185531132737,-45.50001119258));
#2455=CARTESIAN_POINT('Origin',(101.399039288973,32.8301126286065,-45.50001119258));
#2456=CARTESIAN_POINT('',(102.766225997076,34.2898388033351,-45.50001119258));
#2457=CARTESIAN_POINT('Origin',(151.159602348498,85.958771601558,-45.50001119258));
#2458=CARTESIAN_POINT('',(104.545363186438,32.6792239445054,-45.50001119258));
#2459=CARTESIAN_POINT('Origin',(103.228439818085,31.1739954429534,-45.50001119258));
#2460=CARTESIAN_POINT('Origin',(71.84237323797,49.681568655098,-45.50001119258));
#2461=CARTESIAN_POINT('',(70.19237323797,49.681568655098,-45.50001119258));
#2462=CARTESIAN_POINT('Origin',(131.20652393523,76.03773704113,-45.50001119258));
#2463=CARTESIAN_POINT('',(129.55652393523,76.03773704113,-45.50001119258));
#2464=CARTESIAN_POINT('Origin',(119.9375043365,52.99410015345,-45.50001119258));
#2465=CARTESIAN_POINT('',(118.2875043365,52.99410015345,-45.50001119258));
#2466=CARTESIAN_POINT('Origin',(96.49277021997,42.585236337778,-45.50001119258));
#2467=CARTESIAN_POINT('',(94.84277021997,42.585236337778,-45.50001119258));
#2468=CARTESIAN_POINT('Origin',(93.9160763937793,79.9966109520545,-45.50001119258));
#2469=CARTESIAN_POINT('',(78.010079765649,40.5853248206804,-45.50001119258));
#2470=CARTESIAN_POINT('Origin',(65.7452426242532,10.1959721406345,-45.50001119258));
#2471=CARTESIAN_POINT('',(95.6969902751472,23.4937839559046,-45.50001119258));
#2472=CARTESIAN_POINT('Origin',(156.425056007029,-113.288998459418,-45.50001119258));
#2473=CARTESIAN_POINT('',(156.425056007176,-113.288998459353,-45.50001119258));
#2474=CARTESIAN_POINT('Origin',(175.89263596994,-104.645889621094,-45.50001119258));
#2475=CARTESIAN_POINT('',(195.360215932703,-96.0027807828361,-45.50001119258));
#2476=CARTESIAN_POINT('Origin',(134.63215020099,40.7800016325614,-45.50001119258));
#2477=CARTESIAN_POINT('',(134.63215020099,40.7800016325614,-50.50001119258));
#2478=CARTESIAN_POINT('Origin',(164.583897852185,54.0778134478762,-45.50001119258));
#2479=CARTESIAN_POINT('',(133.813042231688,65.3513856776066,-45.50001119258));
#2480=CARTESIAN_POINT('',(133.813042231688,65.3513856776066,-45.50001119258));
#2481=CARTESIAN_POINT('',(133.813042231688,65.3513856776066,-50.50001119258));
#2482=CARTESIAN_POINT('Origin',(93.9160763937793,79.9966109520545,-45.50001119258));
#2483=UNCERTAINTY_MEASURE_WITH_UNIT(LENGTH_MEASURE(0.01),#2487,
'DISTANCE_ACCURACY_VALUE',
'Maximum model space distance between geometric entities at asserted c
onnectivities');
#2484=UNCERTAINTY_MEASURE_WITH_UNIT(LENGTH_MEASURE(0.01),#2487,
'DISTANCE_ACCURACY_VALUE',
'Maximum model space distance between geometric entities at asserted c
onnectivities');
#2485=(
GEOMETRIC_REPRESENTATION_CONTEXT(3)
GLOBAL_UNCERTAINTY_ASSIGNED_CONTEXT((#2483))
GLOBAL_UNIT_ASSIGNED_CONTEXT((#2487,#2489,#2490))
REPRESENTATION_CONTEXT('','3D')
);
#2486=(
GEOMETRIC_REPRESENTATION_CONTEXT(3)
GLOBAL_UNCERTAINTY_ASSIGNED_CONTEXT((#2484))
GLOBAL_UNIT_ASSIGNED_CONTEXT((#2487,#2489,#2490))
REPRESENTATION_CONTEXT('','3D')
);
#2487=(
LENGTH_UNIT()
NAMED_UNIT(*)
SI_UNIT(.MILLI.,.METRE.)
);
#2488=(
LENGTH_UNIT()
NAMED_UNIT(*)
SI_UNIT($,.METRE.)
);
#2489=(
NAMED_UNIT(*)
PLANE_ANGLE_UNIT()
SI_UNIT($,.RADIAN.)
);
#2490=(
NAMED_UNIT(*)
SI_UNIT($,.STERADIAN.)
SOLID_ANGLE_UNIT()
);
#2491=SHAPE_DEFINITION_REPRESENTATION(#2492,#2493);
#2492=PRODUCT_DEFINITION_SHAPE('',$,#2495);
#2493=SHAPE_REPRESENTATION('',(#1410),#2485);
#2494=PRODUCT_DEFINITION_CONTEXT('part definition',#2499,'design');
#2495=PRODUCT_DEFINITION('2026-04-17-10-57-19-348','ROBOT CHASSIS_leg',
#2496,#2494);
#2496=PRODUCT_DEFINITION_FORMATION('',$,#2501);
#2497=PRODUCT_RELATED_PRODUCT_CATEGORY('ROBOT CHASSIS_leg',
'ROBOT CHASSIS_leg',(#2501));
#2498=APPLICATION_PROTOCOL_DEFINITION('international standard',
'automotive_design',2009,#2499);
#2499=APPLICATION_CONTEXT(
'Core Data for Automotive Mechanical Design Process');
#2500=PRODUCT_CONTEXT('part definition',#2499,'mechanical');
#2501=PRODUCT('2026-04-17-10-57-19-348','ROBOT CHASSIS_leg',$,(#2500));
#2502=PRESENTATION_STYLE_ASSIGNMENT((#2503));
#2503=SURFACE_STYLE_USAGE(.BOTH.,#2504);
#2504=SURFACE_SIDE_STYLE('',(#2505));
#2505=SURFACE_STYLE_FILL_AREA(#2506);
#2506=FILL_AREA_STYLE('Steel - Satin',(#2507));
#2507=FILL_AREA_STYLE_COLOUR('Steel - Satin',#2508);
#2508=COLOUR_RGB('Steel - Satin',0.627450980392157,0.627450980392157,0.627450980392157);
ENDSEC;
END-ISO-10303-21;
